"Date(dd-mm-yyyy)";"Time(hh:mm:ss)";"Julian_Day";"AOT_1640";"AOT_1020";"AOT_870";"AOT_675";"AOT_667";"AOT_555";"AOT_551";"AOT_532";"AOT_531";"AOT_500";"AOT_490";"AOT_443";"AOT_440";"AOT_412";"AOT_380";"AOT_340";"Water(cm)";"AOTExt442-T";"AOTExt668-T";"AOTExt871-T";"AOTExt1018-T";"AOTExt442-F";"AOTExt668-F";"AOTExt871-F";"AOTExt1018-F";"AOTExt442-C";"AOTExt668-C";"AOTExt871-C";"AOTExt1018-C";"870-440AngstromParam.[AOTExt]-Total";"SSA442-T";"SSA668-T";"SSA871-T";"SSA1018-T";"AOTAbsp442-T";"AOTAbsp668-T";"AOTAbsp871-T";"AOTAbsp1018-T";"870-440AngstromParam.[AOTAbsp]";"REFR(442)";"REFR(668)";"REFR(871)";"REFR(1018)";"REFI(442)";"REFI(668)";"REFI(871)";"REFI(1018)";"ASYM442-T";"ASYM668-T";"ASYM871-T";"ASYM1018-T";"ASYM442-F";"ASYM668-F";"ASYM871-F";"ASYM1018-F";"ASYM442-C";"ASYM668-C";"ASYM871-C";"ASYM1018-C";"0.050000";"0.065604";"0.086077";"0.112939";"0.148184";"0.194429";"0.255105";"0.334716";"0.439173";"0.576227";"0.756052";"0.991996";"1.301571";"1.707757";"2.240702";"2.939966";"3.857452";"5.061260";"6.640745";"8.713145";"11.432287";"15.000000";"Inflection_Point[um]";"VolCon-T";"EffRad-T";"VolMedianRad-T";"StdDev-T";"VolCon-F";"EffRad-F";"VolMedianRad-F";"StdDev-F";"VolCon-C";"EffRad-C";"VolMedianRad-C";"StdDev-C";"Altitude(BOA)(km)";"Altitude(TOA)(km)";"DownwardFlux(BOA)";"DownwardFlux(TOA)";"UpwardFlux(BOA)";"UpwardFlux(TOA)";"RadiativeForcing(BOA)";"RadiativeForcing(TOA)";"ForcingEfficiency(BOA)";"ForcingEfficiency(TOA)";"DownwardFlux442-T";"DownwardFlux668-T";"DownwardFlux871-T";"DownwardFlux1018-T";"UpwardFlux442-T";"UpwardFlux668-T";"UpwardFlux871-T";"UpwardFlux1018-T";"DiffuseFlux442-T";"DiffuseFlux668-T";"DiffuseFlux871-T";"DiffuseFlux1018-T";"last_processing_date(mm/dd/yyyy)";"alm_type";"solar_zenith_angle_for_1020nm_scan";"sky_error";"sun_error";"alpha440-870";"tau440(measured)";"%sphericity";"if_level2_AOD";"scat_angle_440(>=3.2to6)";"scat_angle_440(>=6to30)";"scat_angle_440(>=30to80)";"scat_angle_440(>=80)";"scat_angle_675(>=3.2to6)";"scat_angle_675(>=6to30)";"scat_angle_675(>=30to80)";"scat_angle_675(>=80)";"scat_angle_870(>=3.2to6)";"scat_angle_870(>=6to30)";"scat_angle_870(>=30to80)";"scat_angle_870(>=80)";"scat_angle_1020(>=3.2to6)";"scat_angle_1020(>=6to30)";"scat_angle_1020(>=30to80)";"scat_angle_1020(>=80)";"albedo_440";"albedo_675";"albedo_870";"albedo-1020";"average_solar_zenith_angle_for_flux_calculation";"DATA_TYPE"
"29:10:2009";"05:00:09";"302.208438";"N/A";"0.179257";"0.184513";"N/A";"0.184615";"0.214697";"N/A";"N/A";"N/A";"N/A";"0.227422";"0.244910";"N/A";"0.258465";"N/A";"N/A";"3.941892";"0.251300";"0.190300";"0.178100";"0.174600";"0.116300";"0.042700";"0.021100";"0.013900";"0.135100";"0.147700";"0.156900";"0.160700";"0.521997";"0.960900";"0.956200";"0.958300";"0.961600";"0.009833";"0.008328";"0.007420";"0.006710";"0.413823";"1.439200";"1.437200";"1.433500";"1.431000";"0.001287";"0.001620";"0.001836";"0.001904";"0.698852";"0.709220";"0.732609";"0.745577";"0.577363";"0.478805";"0.433504";"0.408820";"0.800691";"0.775535";"0.772578";"0.774073";"0.001514";"0.010850";"0.026757";"0.025397";"0.012685";"0.005372";"0.003022";"0.002955";"0.005106";"0.012200";"0.026730";"0.039433";"0.042507";"0.045915";"0.056170";"0.074546";"0.098088";"0.108636";"0.081384";"0.034012";"0.007099";"0.000712";"0.439000";"0.196000";"0.629000";"2.008000";"1.294000";"0.025000";"0.105000";"0.114000";"0.455000";"0.171000";"2.284000";"3.040000";"0.725000";"0.008000";"120.000000";"704.410980";"987.287140";"26.874310";"94.011510";"-33.606160";"-19.713400";"-159.717190";"-93.690230";"1294.462324";"1061.542926";"674.210692";"497.901296";"69.025566";"56.605433";"35.951432";"26.549957";"0.486445";"0.273979";"0.210335";"0.193874";"22/11/2010";"0";"43.891054";"7.942618";"0.005228";"0.440172";"0.244910";"64.735106";"1";"4";"10";"7";"1";"4";"10";"7";"0";"4";"10";"8";"2";"4";"10";"8";"2";"0.029660";"0.033390";"0.050880";"0.049790";"44.304500";"Level_1.5"
"29:10:2009";"06:09:55";"302.256887";"N/A";"0.169545";"0.175501";"N/A";"0.179660";"0.206550";"N/A";"N/A";"N/A";"N/A";"0.219678";"0.238846";"N/A";"0.252024";"N/A";"N/A";"3.947462";"0.241800";"0.192600";"0.178200";"0.172400";"0.115200";"0.053300";"0.030800";"0.021900";"0.126600";"0.139300";"0.147400";"0.150500";"0.458662";"0.987800";"0.989600";"0.991100";"0.992100";"0.002938";"0.002012";"0.001584";"0.001370";"0.910894";"1.529900";"1.523700";"1.526600";"1.527400";"0.000500";"0.000500";"0.000500";"0.000500";"0.692734";"0.686970";"0.691774";"0.696602";"0.629451";"0.571562";"0.532573";"0.506670";"0.748422";"0.730310";"0.724670";"0.724049";"0.000823";"0.004002";"0.009662";"0.012263";"0.009642";"0.006234";"0.004637";"0.005025";"0.007931";"0.014565";"0.024166";"0.033712";"0.043297";"0.055234";"0.065741";"0.062896";"0.043956";"0.022762";"0.009488";"0.003471";"0.001178";"0.000379";"0.439000";"0.120000";"0.656000";"1.443000";"1.072000";"0.015000";"0.129000";"0.148000";"0.553000";"0.105000";"1.641000";"2.013000";"0.636000";"0.008000";"120.000000";"443.596520";"672.106180";"29.102760";"97.857480";"-31.463730";"-24.837690";"-149.152130";"-117.741730";"866.639779";"710.700736";"451.382627";"333.343861";"69.584624";"57.063898";"36.242614";"26.764993";"0.619946";"0.378537";"0.290380";"0.261747";"22/11/2010";"0";"60.387263";"8.512496";"0.006350";"0.466459";"0.238846";"0.936879";"1";"3";"10";"3";"3";"3";"10";"2";"2";"3";"10";"3";"2";"3";"9";"1";"3";"0.057130";"0.060620";"0.078940";"0.077140";"60.842000";"Level_1.5"
"29:10:2009";"23:00:07";"302.958414";"N/A";"0.120531";"0.124612";"N/A";"0.120177";"0.143288";"N/A";"N/A";"N/A";"N/A";"0.149989";"0.160326";"N/A";"0.166201";"N/A";"N/A";"3.535750";"0.167400";"0.129900";"0.118400";"0.114100";"0.083900";"0.038500";"0.021700";"0.015200";"0.083600";"0.091400";"0.096700";"0.098800";"0.519481";"0.973600";"0.962100";"0.949500";"0.949300";"0.004417";"0.004928";"0.005975";"0.005785";"-0.429401";"1.499100";"1.498000";"1.497900";"1.498500";"0.001061";"0.001771";"0.002825";"0.003137";"0.707376";"0.696227";"0.704352";"0.709313";"0.642198";"0.572400";"0.523991";"0.492149";"0.771467";"0.748751";"0.745418";"0.743119";"0.000320";"0.001894";"0.005872";"0.009571";"0.008598";"0.005352";"0.003518";"0.003457";"0.005255";"0.009462";"0.015183";"0.021312";"0.028446";"0.036498";"0.043825";"0.047624";"0.045385";"0.035631";"0.021012";"0.008529";"0.002261";"0.000385";"0.439000";"0.098000";"0.765000";"1.786000";"1.113000";"0.011000";"0.136000";"0.153000";"0.513000";"0.086000";"1.915000";"2.455000";"0.694000";"0.008000";"120.000000";"745.564710";"1017.555970";"27.297530";"88.161880";"-22.973980";"-13.492900";"-159.513100";"-93.684000";"1326.449573";"1087.774541";"690.871003";"510.204854";"68.483383";"56.160808";"35.669040";"26.341412";"0.395871";"0.194353";"0.136788";"0.127879";"22/11/2010";"0";"42.903696";"4.113674";"0.006982";"0.408879";"0.160326";"49.612628";"1";"3";"11";"8";"2";"4";"11";"8";"2";"4";"10";"9";"2";"4";"10";"9";"2";"0.027660";"0.031790";"0.049680";"0.049000";"42.474250";"Level_1.5"
"01:11:2009";"05:00:03";"305.208368";"N/A";"0.059805";"0.062802";"N/A";"0.055514";"0.073280";"N/A";"N/A";"N/A";"N/A";"0.075576";"0.082136";"N/A";"0.087049";"N/A";"N/A";"2.820430";"0.085000";"0.063200";"0.056300";"0.053200";"0.048300";"0.021800";"0.012600";"0.009100";"0.036700";"0.041400";"0.043700";"0.044100";"0.616797";"0.883400";"0.859500";"0.826700";"0.811600";"0.009909";"0.008872";"0.009751";"0.010014";"0.045152";"1.453500";"1.448700";"1.446000";"1.443800";"0.007151";"0.009063";"0.013660";"0.016125";"0.708552";"0.711499";"0.733451";"0.745991";"0.639067";"0.575591";"0.530978";"0.500039";"0.811960";"0.790042";"0.794721";"0.796294";"0.000323";"0.001980";"0.005351";"0.006806";"0.004941";"0.002903";"0.002068";"0.002271";"0.003580";"0.005916";"0.007929";"0.008922";"0.010524";"0.014586";"0.019363";"0.021478";"0.020935";"0.017870";"0.011794";"0.005217";"0.001415";"0.000228";"0.439000";"0.048000";"0.580000";"1.591000";"1.273000";"0.008000";"0.126000";"0.143000";"0.537000";"0.040000";"1.900000";"2.529000";"0.739000";"0.008000";"120.000000";"738.049520";"992.078990";"28.251430";"79.877640";"-18.270220";"-4.550950";"-256.427430";"-63.873880";"1315.991737";"1079.198439";"685.424120";"506.182358";"67.408805";"55.279585";"35.109355";"25.928087";"0.358517";"0.143568";"0.076074";"0.058117";"22/11/2010";"0";"43.692048";"2.848153";"0.006049";"0.467319";"0.082136";"98.996664";"1";"4";"10";"6";"3";"4";"10";"2";"2";"4";"10";"2";"1";"4";"10";"5";"1";"0.029590";"0.033080";"0.051110";"0.050000";"44.112250";"Level_1.5"
"01:11:2009";"06:10:42";"305.257431";"N/A";"0.054447";"0.057686";"N/A";"0.055288";"0.072629";"N/A";"N/A";"N/A";"N/A";"0.076196";"0.085086";"N/A";"0.091168";"N/A";"N/A";"2.571662";"0.084800";"0.061800";"0.055200";"0.052500";"0.045800";"0.018400";"0.009800";"0.006600";"0.039000";"0.043400";"0.045500";"0.046000";"0.644427";"0.887700";"0.897100";"0.903800";"0.906100";"0.009521";"0.006364";"0.005309";"0.004932";"0.870824";"1.422500";"1.404600";"1.399300";"1.394300";"0.005742";"0.005160";"0.005296";"0.005589";"0.724684";"0.730933";"0.745618";"0.756685";"0.646181";"0.575851";"0.521754";"0.484493";"0.826417";"0.800328";"0.794497";"0.795183";"0.000444";"0.002515";"0.006122";"0.007077";"0.005047";"0.003174";"0.002338";"0.002256";"0.002868";"0.004532";"0.007355";"0.010256";"0.012511";"0.015427";"0.020318";"0.025527";"0.028197";"0.024668";"0.015173";"0.005934";"0.001398";"0.000195";"0.439000";"0.055000";"0.610000";"1.743000";"1.264000";"0.008000";"0.121000";"0.138000";"0.528000";"0.047000";"2.087000";"2.723000";"0.704000";"0.008000";"120.000000";"474.276260";"674.480540";"30.224190";"79.333680";"-15.082040";"-5.947070";"-214.563980";"-84.605680";"896.099484";"734.859602";"466.726487";"344.675226";"68.948362";"56.542122";"35.911221";"26.520261";"0.487626";"0.210324";"0.115975";"0.089395";"22/11/2010";"1";"60.374963";"4.366562";"0.003576";"0.623112";"0.085086";"99.000000";"1";"3";"10";"8";"5";"3";"10";"8";"5";"3";"10";"8";"5";"3";"10";"5";"4";"0.054810";"0.058140";"0.077210";"0.075510";"60.781500";"Level_1.5"
"01:11:2009";"06:55:26";"305.288495";"N/A";"0.057383";"0.060188";"N/A";"0.061883";"0.079577";"N/A";"N/A";"N/A";"N/A";"0.084937";"0.096574";"N/A";"0.104833";"N/A";"N/A";"2.565110";"0.097300";"0.064900";"0.059000";"0.056300";"0.055800";"0.018400";"0.010200";"0.006900";"0.041500";"0.046600";"0.048800";"0.049400";"0.758653";"0.901000";"0.906000";"0.898200";"0.896300";"0.009632";"0.006104";"0.006003";"0.005837";"0.732822";"1.443600";"1.396800";"1.406000";"1.401300";"0.005109";"0.004394";"0.005468";"0.006110";"0.670687";"0.718330";"0.736943";"0.752074";"0.571769";"0.520476";"0.482056";"0.456805";"0.815334";"0.798491";"0.789853";"0.791411";"0.002042";"0.008351";"0.012792";"0.009052";"0.004584";"0.002513";"0.001879";"0.002005";"0.002893";"0.005012";"0.008241";"0.011092";"0.013927";"0.017571";"0.021747";"0.024916";"0.026242";"0.024325";"0.017163";"0.007737";"0.002001";"0.000285";"0.439000";"0.061000";"0.415000";"1.437000";"1.451000";"0.012000";"0.098000";"0.109000";"0.520000";"0.049000";"2.053000";"2.706000";"0.726000";"0.008000";"120.000000";"283.116100";"443.757280";"29.087870";"75.217560";"-16.645830";"-7.252940";"-219.424440";"-95.607830";"579.665029";"475.362859";"301.914048";"222.962047";"66.145543";"54.243628";"34.451394";"25.442186";"0.652993";"0.303272";"0.172171";"0.132659";"22/11/2010";"1";"70.856327";"3.081944";"0.001649";"0.725686";"0.096574";"99.000000";"1";"4";"10";"7";"6";"4";"10";"7";"6";"4";"10";"7";"6";"4";"10";"6";"4";"0.093820";"0.096730";"0.116670";"0.114200";"71.267000";"Level_1.5"
"01:11:2009";"07:17:08";"305.303565";"N/A";"0.061884";"0.064529";"N/A";"0.068029";"0.086474";"N/A";"N/A";"N/A";"N/A";"0.092881";"0.106019";"N/A";"0.115803";"N/A";"N/A";"2.560361";"0.107700";"0.070100";"0.063800";"0.061400";"0.060800";"0.018400";"0.009700";"0.006500";"0.046900";"0.051800";"0.054100";"0.055000";"0.795235";"0.926100";"0.925000";"0.920900";"0.922100";"0.007963";"0.005254";"0.005046";"0.004785";"0.701776";"1.411700";"1.374900";"1.386200";"1.385000";"0.003012";"0.002789";"0.003366";"0.003636";"0.661237";"0.716459";"0.740008";"0.755834";"0.538987";"0.462289";"0.423386";"0.400946";"0.823667";"0.806725";"0.795418";"0.794970";"0.002943";"0.013727";"0.020578";"0.012632";"0.005305";"0.002492";"0.001705";"0.001740";"0.002412";"0.004165";"0.007833";"0.012504";"0.016343";"0.020520";"0.024172";"0.027140";"0.030713";"0.035538";"0.034267";"0.019533";"0.005056";"0.000539";"0.439000";"0.082000";"0.386000";"1.563000";"1.564000";"0.017000";"0.091000";"0.100000";"0.458000";"0.065000";"2.386000";"3.199000";"0.739000";"0.008000";"120.000000";"191.058510";"326.378260";"25.705750";"69.269920";"-15.979450";"-8.106120";"-193.945190";"-98.385340";"420.000942";"344.427968";"218.754243";"161.548937";"59.630715";"48.901047";"31.058197";"22.936326";"0.776564";"0.401355";"0.238899";"0.186369";"22/11/2010";"1";"75.902522";"3.560372";"0.000964";"0.752796";"0.106019";"99.000000";"1";"4";"10";"6";"5";"4";"10";"6";"5";"4";"10";"6";"5";"4";"10";"6";"6";"0.125840";"0.128250";"0.148620";"0.145490";"76.338000";"Level_1.5"
"01:11:2009";"22:14:38";"305.926829";"N/A";"0.075622";"0.077476";"N/A";"0.068731";"0.081766";"N/A";"N/A";"N/A";"N/A";"0.082188";"0.085040";"N/A";"0.085349";"N/A";"N/A";"2.603605";"0.091700";"0.079100";"0.075600";"0.074300";"0.034100";"0.016100";"0.008800";"0.006100";"0.057600";"0.063000";"0.066800";"0.068200";"0.290975";"0.982700";"0.986000";"0.988500";"0.989800";"0.001587";"0.001107";"0.000873";"0.000757";"0.880445";"1.459700";"1.457500";"1.449000";"1.446300";"0.000500";"0.000500";"0.000500";"0.000500";"0.736600";"0.723358";"0.728513";"0.732732";"0.661944";"0.603994";"0.557422";"0.522900";"0.779045";"0.753432";"0.750947";"0.751375";"0.000214";"0.000995";"0.002561";"0.003753";"0.003433";"0.002423";"0.001807";"0.001881";"0.002951";"0.005803";"0.010438";"0.014626";"0.018187";"0.024194";"0.033596";"0.042015";"0.041080";"0.028727";"0.013842";"0.004562";"0.001032";"0.000161";"0.439000";"0.070000";"1.023000";"2.084000";"0.964000";"0.005000";"0.138000";"0.159000";"0.547000";"0.065000";"2.024000";"2.543000";"0.653000";"0.008000";"120.000000";"609.645290";"831.091230";"29.695200";"83.787160";"-11.870390";"-8.929700";"-141.931980";"-106.770760";"1087.743755";"892.020313";"566.542923";"418.389176";"69.975328";"57.384300";"36.446109";"26.915273";"0.396116";"0.176486";"0.116042";"0.110005";"22/11/2010";"0";"53.433576";"4.162027";"0.005504";"0.193737";"0.085040";"71.484594";"1";"3";"10";"8";"4";"3";"10";"8";"4";"4";"10";"7";"4";"4";"10";"8";"1";"0.038920";"0.043170";"0.062580";"0.062110";"53.026500";"Level_1.5"
"02:11:2009";"05:00:01";"306.208345";"N/A";"0.065948";"0.069044";"N/A";"0.062352";"0.081239";"N/A";"N/A";"N/A";"N/A";"0.084083";"0.090723";"N/A";"0.095679";"N/A";"N/A";"2.282720";"0.091000";"0.069700";"0.062900";"0.060300";"0.043400";"0.017400";"0.008900";"0.006000";"0.047600";"0.052300";"0.054000";"0.054200";"0.553162";"0.887600";"0.892700";"0.906600";"0.911100";"0.010232";"0.007481";"0.005879";"0.005359";"0.811364";"1.381100";"1.370100";"1.362500";"1.359900";"0.004751";"0.004644";"0.004417";"0.004598";"0.755627";"0.760745";"0.773815";"0.781689";"0.664886";"0.581520";"0.520824";"0.480031";"0.844476";"0.823068";"0.816065";"0.814690";"0.000381";"0.002332";"0.006266";"0.007981";"0.005949";"0.003625";"0.002528";"0.002422";"0.003123";"0.004745";"0.007457";"0.010794";"0.014318";"0.018082";"0.023495";"0.031294";"0.040106";"0.043454";"0.032584";"0.013669";"0.002816";"0.000273";"0.439000";"0.075000";"0.756000";"2.197000";"1.218000";"0.009000";"0.124000";"0.140000";"0.516000";"0.066000";"2.423000";"3.187000";"0.698000";"0.008000";"120.000000";"750.799470";"993.807960";"28.719760";"80.650910";"-15.061600";"-4.859050";"-194.010390";"-62.590080";"1325.692888";"1087.154011";"690.476890";"509.913803";"68.112147";"55.856371";"35.475685";"26.198620";"0.367467";"0.156207";"0.090100";"0.072944";"22/11/2010";"0";"43.624661";"5.307170";"0.005604";"0.471418";"0.090723";"99.000000";"1";"4";"10";"8";"3";"4";"10";"8";"2";"4";"10";"7";"3";"4";"10";"8";"1";"0.029520";"0.032990";"0.051020";"0.049900";"44.045000";"Level_1.5"
"02:11:2009";"05:45:25";"306.239873";"N/A";"0.069382";"0.072012";"N/A";"0.067478";"0.085090";"N/A";"N/A";"N/A";"N/A";"0.088524";"0.096459";"N/A";"0.102115";"N/A";"N/A";"2.368106";"0.096400";"0.075300";"0.069100";"0.066500";"0.043500";"0.017200";"0.008900";"0.005900";"0.052900";"0.058100";"0.060200";"0.060600";"0.500115";"0.902600";"0.918700";"0.925200";"0.927900";"0.009389";"0.006123";"0.005170";"0.004796";"0.893086";"1.381200";"1.367200";"1.360800";"1.356500";"0.003648";"0.003233";"0.003376";"0.003555";"0.759056";"0.762706";"0.774493";"0.782869";"0.668838";"0.587620";"0.525725";"0.483812";"0.837085";"0.815892";"0.811354";"0.811641";"0.000396";"0.002301";"0.006031";"0.007687";"0.005883";"0.003733";"0.002664";"0.002506";"0.003155";"0.004971";"0.008355";"0.012450";"0.016142";"0.020478";"0.027676";"0.037924";"0.047080";"0.045240";"0.028716";"0.010643";"0.002151";"0.000232";"0.439000";"0.081000";"0.793000";"2.159000";"1.166000";"0.009000";"0.125000";"0.142000";"0.520000";"0.072000";"2.346000";"3.029000";"0.676000";"0.008000";"120.000000";"580.344930";"797.502170";"30.271340";"81.385740";"-15.397080";"-6.229860";"-185.396170";"-75.013690";"1061.026403";"870.110355";"552.627397";"408.112628";"69.761384";"57.208852";"36.334677";"26.832981";"0.442246";"0.199374";"0.120000";"0.098230";"22/11/2010";"0";"54.353665";"5.242984";"0.004361";"0.480401";"0.096459";"99.000000";"1";"4";"10";"8";"4";"4";"10";"8";"4";"4";"10";"8";"4";"4";"8";"6";"3";"0.043360";"0.046710";"0.065310";"0.063850";"54.771500";"Level_1.5"
"02:11:2009";"06:10:57";"306.257604";"N/A";"0.075706";"0.078687";"N/A";"0.075910";"0.093601";"N/A";"N/A";"N/A";"N/A";"0.097675";"0.106444";"N/A";"0.112723";"N/A";"N/A";"2.504936";"0.106400";"0.083200";"0.076600";"0.073800";"0.049200";"0.020000";"0.010600";"0.007200";"0.057300";"0.063200";"0.066000";"0.066600";"0.494052";"0.905200";"0.911800";"0.911600";"0.908900";"0.010089";"0.007341";"0.006772";"0.006721";"0.603551";"1.413300";"1.394100";"1.386700";"1.383000";"0.003674";"0.003627";"0.004355";"0.005011";"0.748057";"0.752686";"0.764633";"0.772725";"0.663112";"0.595491";"0.537991";"0.497202";"0.825366";"0.804460";"0.801711";"0.802471";"0.000520";"0.002487";"0.005741";"0.006965";"0.005524";"0.003828";"0.002920";"0.002744";"0.003419";"0.005672";"0.009751";"0.013416";"0.016655";"0.022465";"0.032801";"0.044141";"0.049822";"0.043257";"0.025774";"0.009564";"0.002088";"0.000263";"0.439000";"0.084000";"0.816000";"2.121000";"1.130000";"0.009000";"0.126000";"0.144000";"0.539000";"0.075000";"2.266000";"2.905000";"0.670000";"0.008000";"120.000000";"472.237480";"674.776050";"31.188660";"81.995170";"-18.576950";"-7.484630";"-202.420390";"-81.554860";"889.346742";"729.321916";"463.209373";"342.077855";"70.770305";"58.036232";"36.860166";"27.221052";"0.506943";"0.238635";"0.146955";"0.121105";"22/11/2010";"1";"60.365545";"4.764749";"0.003792";"0.484429";"0.106444";"99.000000";"1";"2";"10";"8";"5";"3";"10";"8";"5";"3";"10";"8";"5";"3";"10";"8";"5";"0.057240";"0.060440";"0.079410";"0.077670";"60.783000";"Level_1.5"
"03:11:2009";"05:00:00";"307.208333";"N/A";"0.077807";"0.080950";"N/A";"0.078571";"0.103935";"N/A";"N/A";"N/A";"N/A";"0.112196";"0.126128";"N/A";"0.136516";"N/A";"N/A";"2.469573";"0.125800";"0.086700";"0.077100";"0.073400";"0.069800";"0.024900";"0.013100";"0.008900";"0.056000";"0.061800";"0.064000";"0.064500";"0.737320";"0.815700";"0.851500";"0.871400";"0.880500";"0.023194";"0.012872";"0.009911";"0.008771";"1.268148";"1.397400";"1.372800";"1.373300";"1.373800";"0.012009";"0.007585";"0.006888";"0.006868";"0.718920";"0.741853";"0.759041";"0.768439";"0.617577";"0.535945";"0.482384";"0.448103";"0.867463";"0.829256";"0.815189";"0.810662";"0.001183";"0.006763";"0.014599";"0.013759";"0.008024";"0.004367";"0.002993";"0.002875";"0.003694";"0.005711";"0.009214";"0.013353";"0.017886";"0.023475";"0.031298";"0.039402";"0.043259";"0.038772";"0.025541";"0.010745";"0.002625";"0.000359";"0.439000";"0.087000";"0.501000";"1.643000";"1.375000";"0.015000";"0.109000";"0.121000";"0.502000";"0.072000";"2.217000";"2.871000";"0.691000";"0.008000";"120.000000";"739.446640";"995.322860";"28.187110";"81.579650";"-24.278970";"-5.983990";"-240.877160";"-59.368500";"1318.411482";"1081.182786";"686.684426";"507.113087";"67.904074";"55.685737";"35.367312";"26.118587";"0.393321";"0.170392";"0.101849";"0.083618";"22/11/2010";"0";"43.560581";"3.100379";"0.004968";"0.705278";"0.126128";"99.000000";"1";"4";"10";"8";"3";"4";"10";"8";"3";"4";"10";"5";"2";"2";"10";"6";"3";"0.029390";"0.032850";"0.050870";"0.049750";"43.981000";"Level_1.5"
"03:11:2009";"05:45:41";"307.240058";"N/A";"0.069553";"0.073148";"N/A";"0.073444";"0.097794";"N/A";"N/A";"N/A";"N/A";"0.106202";"0.120761";"N/A";"0.131327";"N/A";"N/A";"2.369854";"0.120700";"0.079600";"0.070100";"0.066600";"0.070400";"0.024100";"0.012200";"0.008100";"0.050300";"0.055600";"0.057900";"0.058500";"0.819010";"0.792700";"0.820700";"0.848700";"0.862600";"0.025013";"0.014275";"0.010611";"0.009150";"1.271917";"1.431000";"1.389200";"1.379400";"1.373600";"0.015349";"0.009510";"0.008369";"0.008060";"0.701859";"0.736462";"0.762240";"0.775922";"0.599879";"0.533553";"0.486993";"0.454751";"0.874337";"0.830541";"0.819692";"0.817873";"0.001424";"0.007304";"0.013927";"0.011698";"0.006455";"0.003632";"0.002684";"0.002669";"0.003336";"0.005056";"0.008448";"0.012764";"0.015277";"0.018052";"0.025498";"0.036025";"0.044888";"0.041887";"0.026080";"0.009947";"0.002216";"0.000284";"0.439000";"0.081000";"0.501000";"1.718000";"1.388000";"0.014000";"0.105000";"0.118000";"0.514000";"0.067000";"2.302000";"2.994000";"0.687000";"0.008000";"120.000000";"571.242620";"798.107420";"30.074040";"81.279980";"-24.994180";"-5.849130";"-265.388250";"-62.106120";"1053.164801";"863.663332";"548.532743";"405.088745";"69.649449";"57.117058";"36.276377";"26.789927";"0.461053";"0.199198";"0.114803";"0.091664";"22/11/2010";"1";"54.351128";"4.728236";"0.003735";"0.784350";"0.120761";"99.000000";"1";"4";"10";"8";"4";"4";"10";"8";"4";"2";"10";"8";"4";"4";"10";"7";"4";"0.043810";"0.047150";"0.065730";"0.064260";"54.760500";"Level_1.5"
"03:11:2009";"06:11:17";"307.257836";"N/A";"0.063525";"0.067401";"N/A";"0.069660";"0.093334";"N/A";"N/A";"N/A";"N/A";"0.101836";"0.116822";"N/A";"0.127540";"N/A";"N/A";"2.298081";"0.116300";"0.074800";"0.065600";"0.062000";"0.071700";"0.024700";"0.013300";"0.009200";"0.044700";"0.050100";"0.052300";"0.052800";"0.863613";"0.822300";"0.834500";"0.852800";"0.863600";"0.020678";"0.012384";"0.009657";"0.008454";"1.132482";"1.482200";"1.415400";"1.407100";"1.404600";"0.013527";"0.009500";"0.008957";"0.008825";"0.657309";"0.722392";"0.746103";"0.755494";"0.559058";"0.552130";"0.525562";"0.500116";"0.846985";"0.811928";"0.801513";"0.797547";"0.004854";"0.012241";"0.013196";"0.007781";"0.004022";"0.002704";"0.002620";"0.003133";"0.003977";"0.005539";"0.008256";"0.011312";"0.014200";"0.018729";"0.025356";"0.030501";"0.030459";"0.023987";"0.013977";"0.005648";"0.001521";"0.000269";"0.439000";"0.066000";"0.366000";"1.306000";"1.478000";"0.014000";"0.092000";"0.106000";"0.582000";"0.052000";"2.006000";"2.599000";"0.697000";"0.008000";"120.000000";"470.214840";"675.174000";"31.713910";"81.930190";"-23.391690";"-6.600950";"-261.397610";"-73.764380";"888.166475";"728.354021";"462.594641";"341.623878";"71.662007";"58.767486";"37.324602";"27.564036";"0.515819";"0.224310";"0.126788";"0.098658";"22/11/2010";"1";"60.374281";"3.779011";"0.002851";"0.851380";"0.116822";"99.000000";"1";"3";"10";"8";"5";"3";"10";"8";"5";"3";"10";"8";"5";"3";"10";"7";"4";"0.058580";"0.061790";"0.080740";"0.078920";"60.783000";"Level_1.5"
"03:11:2009";"06:56:07";"307.288970";"N/A";"0.075354";"0.078519";"N/A";"0.082848";"0.103958";"N/A";"N/A";"N/A";"N/A";"0.111786";"0.126574";"N/A";"0.137307";"N/A";"N/A";"2.470011";"0.128100";"0.085500";"0.077200";"0.073900";"0.072400";"0.024300";"0.013600";"0.009400";"0.055700";"0.061200";"0.063600";"0.064500";"0.766774";"0.871500";"0.867900";"0.872500";"0.878700";"0.016463";"0.011296";"0.009842";"0.008966";"0.771645";"1.400500";"1.378100";"1.395200";"1.398400";"0.005927";"0.005572";"0.005942";"0.006230";"0.656030";"0.720242";"0.740647";"0.752581";"0.522304";"0.473381";"0.446622";"0.428529";"0.843732";"0.819087";"0.800753";"0.795678";"0.009406";"0.024991";"0.024922";"0.012423";"0.005208";"0.002806";"0.002272";"0.002557";"0.003450";"0.005255";"0.008680";"0.013831";"0.019428";"0.024613";"0.030227";"0.034214";"0.037744";"0.040604";"0.035539";"0.018792";"0.004840";"0.000561";"0.439000";"0.098000";"0.313000";"1.334000";"1.644000";"0.023000";"0.083000";"0.092000";"0.488000";"0.075000";"2.325000";"3.083000";"0.725000";"0.008000";"120.000000";"277.366440";"443.984890";"31.401920";"79.104820";"-23.540860";"-8.201230";"-235.580300";"-82.072090";"570.465431";"467.818592";"297.122508";"219.423518";"70.597953";"57.894893";"36.770398";"27.154759";"0.681109";"0.336704";"0.205435";"0.164884";"22/11/2010";"1";"70.859896";"3.796393";"0.001579";"0.724321";"0.126574";"99.000000";"1";"4";"10";"7";"6";"4";"10";"7";"6";"4";"10";"7";"6";"4";"10";"6";"4";"0.104580";"0.107180";"0.126900";"0.124140";"71.275750";"Level_1.5"
"03:11:2009";"07:17:45";"307.303993";"N/A";"0.077482";"0.080212";"N/A";"0.085056";"0.105149";"N/A";"N/A";"N/A";"N/A";"0.112637";"0.127341";"N/A";"0.138253";"N/A";"N/A";"2.500493";"0.130500";"0.087500";"0.080300";"0.077900";"0.067800";"0.019800";"0.010300";"0.007000";"0.062800";"0.067700";"0.070000";"0.070900";"0.737846";"0.920400";"0.914100";"0.916100";"0.919300";"0.010384";"0.007516";"0.006738";"0.006287";"0.650095";"1.384500";"1.354200";"1.367200";"1.374000";"0.002198";"0.002241";"0.002583";"0.002769";"0.676506";"0.743964";"0.766357";"0.775840";"0.509565";"0.431339";"0.396003";"0.375994";"0.852249";"0.833445";"0.818612";"0.812690";"0.006704";"0.024848";"0.029503";"0.015001";"0.005751";"0.002678";"0.001864";"0.001893";"0.002494";"0.003942";"0.007107";"0.012643";"0.018500";"0.022351";"0.023581";"0.027703";"0.044564";"0.086509";"0.122742";"0.075923";"0.014739";"0.000798";"0.439000";"0.150000";"0.463000";"2.395000";"1.572000";"0.024000";"0.085000";"0.092000";"0.436000";"0.126000";"3.393000";"4.503000";"0.672000";"0.008000";"120.000000";"188.667320";"326.596530";"28.319320";"73.035950";"-19.327590";"-8.824950";"-190.418670";"-86.944880";"415.312556";"340.583188";"216.312333";"159.745599";"64.459402";"52.860883";"33.573181";"24.793630";"0.797871";"0.437977";"0.280299";"0.229585";"22/11/2010";"0";"75.879544";"3.316275";"0.000617";"0.696406";"0.127341";"99.000000";"1";"4";"10";"6";"5";"4";"10";"6";"5";"1";"10";"6";"5";"1";"10";"6";"5";"0.142160";"0.143710";"0.163590";"0.160140";"76.340000";"Level_1.5"
"03:11:2009";"21:03:44";"307.877593";"N/A";"0.061532";"0.061980";"N/A";"0.058270";"0.067337";"N/A";"N/A";"N/A";"N/A";"0.069505";"0.072971";"N/A";"0.071896";"N/A";"N/A";"2.260356";"0.074600";"0.063000";"0.059800";"0.058500";"0.029900";"0.014500";"0.008600";"0.006100";"0.044700";"0.048600";"0.051200";"0.052300";"0.333215";"0.950300";"0.947500";"0.951900";"0.957300";"0.003704";"0.003308";"0.002876";"0.002498";"0.364022";"1.505500";"1.500700";"1.507800";"1.510600";"0.001716";"0.002145";"0.002331";"0.002281";"0.735187";"0.722775";"0.718670";"0.718164";"0.655948";"0.597251";"0.548282";"0.515321";"0.787793";"0.760675";"0.747556";"0.742190";"0.000158";"0.000663";"0.001703";"0.002698";"0.002745";"0.002051";"0.001495";"0.001466";"0.002203";"0.004268";"0.007575";"0.010544";"0.013208";"0.017445";"0.023797";"0.029861";"0.031433";"0.026029";"0.015501";"0.005979";"0.001392";"0.000191";"0.439000";"0.055000";"1.083000";"2.250000";"0.981000";"0.004000";"0.143000";"0.164000";"0.537000";"0.051000";"2.136000";"2.737000";"0.679000";"0.008000";"120.000000";"322.236280";"483.896430";"35.654860";"82.240030";"-12.867180";"-7.432570";"-190.895860";"-110.268740";"613.150525";"502.823134";"319.354710";"235.841890";"78.211807";"64.138746";"40.736015";"30.083347";"0.550204";"0.241602";"0.147393";"0.139777";"22/11/2010";"1";"69.928419";"4.788172";"0.002976";"0.277096";"0.072971";"37.592449";"1";"4";"9";"7";"6";"4";"9";"7";"5";"4";"7";"7";"4";"4";"9";"6";"3";"0.098260";"0.103950";"0.126700";"0.127380";"69.523750";"Level_1.5"
"03:11:2009";"21:48:27";"307.908646";"N/A";"0.066760";"0.068043";"N/A";"0.063152";"0.077360";"N/A";"N/A";"N/A";"N/A";"0.081582";"0.087767";"N/A";"0.089755";"N/A";"N/A";"2.406776";"0.089200";"0.070200";"0.065100";"0.063200";"0.040900";"0.017500";"0.009700";"0.006700";"0.048300";"0.052600";"0.055400";"0.056500";"0.474338";"0.934700";"0.928600";"0.929000";"0.939500";"0.005830";"0.005009";"0.004622";"0.003824";"0.344436";"1.460900";"1.449200";"1.453200";"1.456100";"0.002428";"0.003017";"0.003422";"0.003201";"0.743260";"0.734727";"0.736785";"0.737953";"0.665138";"0.584733";"0.519458";"0.477082";"0.810419";"0.786178";"0.775760";"0.769383";"0.000175";"0.000871";"0.002584";"0.004552";"0.004835";"0.003420";"0.002127";"0.001687";"0.002172";"0.004198";"0.008103";"0.011228";"0.013128";"0.018267";"0.027737";"0.037064";"0.040301";"0.033894";"0.019985";"0.007470";"0.001666";"0.000217";"0.439000";"0.067000";"0.975000";"2.242000";"1.047000";"0.006000";"0.139000";"0.156000";"0.489000";"0.061000";"2.272000";"2.889000";"0.661000";"0.008000";"120.000000";"507.987820";"711.259850";"32.455560";"83.257130";"-14.711020";"-7.215780";"-190.427200";"-93.404810";"920.426047";"754.808958";"479.396789";"354.032182";"74.157135";"60.813653";"38.624170";"28.523761";"0.438956";"0.184776";"0.112331";"0.104781";"22/11/2010";"0";"59.463469";"3.042885";"0.004083";"0.423826";"0.087767";"61.874210";"1";"1";"8";"7";"5";"3";"11";"7";"5";"3";"11";"7";"5";"3";"10";"8";"4";"0.053290";"0.058030";"0.078400";"0.078290";"59.057000";"Level_1.5"
"03:11:2009";"22:14:04";"307.926435";"N/A";"0.061312";"0.062898";"N/A";"0.056482";"0.072709";"N/A";"N/A";"N/A";"N/A";"0.076233";"0.082600";"N/A";"0.085225";"N/A";"N/A";"2.392774";"0.083700";"0.065600";"0.061500";"0.060200";"0.037500";"0.015500";"0.008500";"0.005800";"0.046200";"0.050100";"0.053000";"0.054400";"0.466147";"0.983200";"0.985100";"0.987300";"0.988700";"0.001408";"0.000980";"0.000781";"0.000681";"0.869518";"1.460000";"1.447800";"1.454800";"1.458300";"0.000500";"0.000500";"0.000500";"0.000500";"0.724199";"0.712418";"0.710719";"0.712987";"0.647396";"0.568788";"0.507105";"0.467929";"0.784016";"0.756073";"0.743071";"0.739114";"0.000199";"0.001063";"0.003055";"0.004801";"0.004413";"0.002821";"0.001719";"0.001413";"0.001914";"0.003851";"0.007656";"0.011500";"0.015346";"0.021846";"0.030714";"0.037842";"0.036804";"0.026091";"0.012912";"0.004387";"0.001019";"0.000162";"0.439000";"0.063000";"0.909000";"2.047000";"1.028000";"0.006000";"0.131000";"0.147000";"0.493000";"0.057000";"2.132000";"2.642000";"0.632000";"0.008000";"120.000000";"614.467320";"832.090340";"30.291950";"83.490160";"-10.670320";"-8.056240";"-147.937580";"-111.694980";"1089.523318";"893.479670";"567.469795";"419.073666";"71.054869";"58.269594";"37.008379";"27.330507";"0.388728";"0.159002";"0.096495";"0.090259";"22/11/2010";"1";"53.433913";"2.605748";"0.004463";"0.466628";"0.082600";"95.318721";"1";"3";"10";"8";"4";"3";"10";"8";"4";"4";"10";"8";"4";"4";"10";"8";"4";"0.039370";"0.043710";"0.063200";"0.062810";"53.018500";"Level_1.5"
"03:11:2009";"23:00:01";"307.958345";"N/A";"0.073231";"0.074764";"N/A";"0.066720";"0.085984";"N/A";"N/A";"N/A";"N/A";"0.089048";"0.096073";"N/A";"0.099365";"N/A";"N/A";"2.466012";"0.098700";"0.076500";"0.070700";"0.069200";"0.045000";"0.018900";"0.009900";"0.006700";"0.053700";"0.057600";"0.060800";"0.062500";"0.502700";"0.982400";"0.984100";"0.985600";"0.987200";"0.001737";"0.001215";"0.001017";"0.000888";"0.795800";"1.456600";"1.455100";"1.453500";"1.453000";"0.000500";"0.000500";"0.000536";"0.000538";"0.725225";"0.707887";"0.709787";"0.714715";"0.643001";"0.559383";"0.498817";"0.459327";"0.790939";"0.755901";"0.744047";"0.741850";"0.000268";"0.001481";"0.004144";"0.006090";"0.005252";"0.003315";"0.002067";"0.001668";"0.002021";"0.003649";"0.007972";"0.014436";"0.019031";"0.023702";"0.031512";"0.041443";"0.047121";"0.041144";"0.023908";"0.008466";"0.001763";"0.000213";"0.439000";"0.079000";"0.928000";"2.223000";"1.061000";"0.007000";"0.128000";"0.143000";"0.491000";"0.072000";"2.298000";"2.888000";"0.650000";"0.008000";"120.000000";"778.096160";"1025.285410";"28.079860";"83.873730";"-11.452050";"-8.485220";"-135.237640";"-100.202320";"1351.230446";"1108.096461";"703.777929";"519.736556";"68.595165";"56.252477";"35.727261";"26.384408";"0.344957";"0.144942";"0.090745";"0.084660";"22/11/2010";"0";"42.576849";"2.873810";"0.005504";"0.436195";"0.096073";"97.066244";"1";"2";"9";"4";"2";"4";"11";"2";"2";"4";"9";"2";"2";"4";"6";"1";"2";"0.026940";"0.030800";"0.049220";"0.048560";"42.163750";"Level_1.5"
"04:11:2009";"05:00:00";"308.208333";"N/A";"0.045518";"0.048066";"N/A";"0.042672";"0.064195";"N/A";"N/A";"N/A";"N/A";"0.069159";"0.078669";"N/A";"0.085832";"N/A";"N/A";"2.099341";"0.077300";"0.050600";"0.044200";"0.041700";"0.047100";"0.017100";"0.008900";"0.006000";"0.030300";"0.033600";"0.035200";"0.035800";"0.841538";"0.807100";"0.830100";"0.857000";"0.877100";"0.014916";"0.008599";"0.006314";"0.005129";"1.272724";"1.435200";"1.406700";"1.405600";"1.404100";"0.015120";"0.009681";"0.008441";"0.007561";"0.703781";"0.717823";"0.738083";"0.749463";"0.617901";"0.532672";"0.476123";"0.440814";"0.867025";"0.819850";"0.805158";"0.799428";"0.000520";"0.003076";"0.007376";"0.007996";"0.005136";"0.002799";"0.001779";"0.001581";"0.002023";"0.003365";"0.005740";"0.007781";"0.008628";"0.011068";"0.016906";"0.022703";"0.024729";"0.020183";"0.011508";"0.004370";"0.001081";"0.000173";"0.439000";"0.046000";"0.499000";"1.576000";"1.365000";"0.008000";"0.113000";"0.126000";"0.491000";"0.038000";"2.152000";"2.781000";"0.684000";"0.008000";"120.000000";"756.454640";"996.833310";"28.622270";"79.664600";"-15.560010";"-3.829700";"-258.494240";"-63.621720";"1330.404899";"1091.018164";"692.931104";"511.726228";"67.536504";"55.384307";"35.175866";"25.977205";"0.355625";"0.134477";"0.067370";"0.050261";"22/11/2010";"0";"43.499738";"3.411868";"0.004860";"0.825509";"0.078669";"99.000000";"1";"4";"10";"8";"3";"4";"10";"8";"3";"4";"10";"7";"2";"4";"10";"6";"2";"0.029070";"0.032530";"0.050550";"0.049420";"43.916750";"Level_1.5"
"04:11:2009";"05:45:57";"308.240243";"N/A";"0.045767";"0.048583";"N/A";"0.045190";"0.065627";"N/A";"N/A";"N/A";"N/A";"0.071055";"0.081412";"N/A";"0.088891";"N/A";"N/A";"2.169900";"0.080500";"0.051600";"0.045500";"0.043200";"0.049500";"0.017100";"0.009200";"0.006400";"0.031000";"0.034500";"0.036300";"0.036900";"0.861579";"0.829600";"0.850200";"0.864700";"0.875200";"0.013717";"0.007733";"0.006162";"0.005398";"1.197613";"1.466400";"1.419200";"1.422500";"1.424000";"0.012896";"0.008382";"0.008004";"0.007854";"0.682449";"0.713196";"0.731456";"0.741014";"0.594316";"0.532884";"0.486335";"0.455700";"0.852766";"0.809323";"0.794933";"0.789199";"0.000975";"0.004447";"0.008208";"0.007189";"0.004250";"0.002449";"0.001738";"0.001661";"0.002166";"0.003576";"0.005872";"0.007531";"0.008743";"0.012573";"0.019462";"0.024328";"0.023706";"0.017437";"0.009398";"0.003604";"0.000965";"0.000179";"0.439000";"0.046000";"0.463000";"1.482000";"1.372000";"0.009000";"0.106000";"0.119000";"0.519000";"0.038000";"2.079000";"2.653000";"0.671000";"0.008000";"120.000000";"583.547090";"798.413450";"31.001950";"80.645190";"-15.858350";"-4.727730";"-256.638690";"-76.509750";"1062.541388";"871.352741";"553.416466";"408.695351";"70.428996";"57.756337";"36.682398";"27.089771";"0.427133";"0.166628";"0.084793";"0.062851";"22/11/2010";"1";"54.347329";"2.371926";"0.003800";"0.840237";"0.081412";"99.000000";"1";"4";"10";"8";"4";"4";"10";"8";"4";"4";"10";"8";"4";"4";"10";"6";"3";"0.044340";"0.047630";"0.066180";"0.064650";"54.763250";"Level_1.5"
"04:11:2009";"06:11:34";"308.258032";"N/A";"0.043447";"0.046328";"N/A";"0.044630";"0.064308";"N/A";"N/A";"N/A";"N/A";"0.069906";"0.080822";"N/A";"0.088589";"N/A";"N/A";"2.141793";"0.080100";"0.050000";"0.043600";"0.041000";"0.051200";"0.017700";"0.009700";"0.006700";"0.029000";"0.032300";"0.033900";"0.034400";"0.917861";"0.814900";"0.831800";"0.847400";"0.862800";"0.014827";"0.008407";"0.006658";"0.005626";"1.197018";"1.464700";"1.419900";"1.426400";"1.425800";"0.014944";"0.009641";"0.009184";"0.008685";"0.667133";"0.706361";"0.726911";"0.738864";"0.578172";"0.524126";"0.484210";"0.457398";"0.858705";"0.813757";"0.797288";"0.791402";"0.001459";"0.006072";"0.009727";"0.007307";"0.003924";"0.002258";"0.001709";"0.001735";"0.002263";"0.003518";"0.005470";"0.007037";"0.008042";"0.011191";"0.017048";"0.021494";"0.021876";"0.017678";"0.010552";"0.004292";"0.001135";"0.000192";"0.439000";"0.045000";"0.401000";"1.387000";"1.462000";"0.010000";"0.100000";"0.113000";"0.524000";"0.035000";"2.107000";"2.733000";"0.692000";"0.008000";"120.000000";"480.181200";"675.569030";"33.185050";"80.955800";"-16.415280";"-4.637470";"-270.964500";"-76.550040";"897.053810";"735.642211";"467.223540";"345.042297";"73.523191";"60.293777";"38.293986";"28.279921";"0.483196";"0.191695";"0.095462";"0.068919";"22/11/2010";"1";"60.369800";"2.812682";"0.003230";"0.889200";"0.080822";"99.000000";"1";"3";"10";"8";"5";"3";"10";"8";"5";"3";"10";"8";"5";"3";"10";"6";"3";"0.060330";"0.063460";"0.082300";"0.080440";"60.780500";"Level_1.5"
"04:11:2009";"06:56:27";"308.289201";"N/A";"0.043000";"0.045415";"N/A";"0.046797";"0.064568";"N/A";"N/A";"N/A";"N/A";"0.070226";"0.081821";"N/A";"0.090162";"N/A";"N/A";"2.153092";"0.081600";"0.050200";"0.044000";"0.041600";"0.052700";"0.018200";"0.010100";"0.007000";"0.028900";"0.032100";"0.033900";"0.034600";"0.933631";"0.865000";"0.864500";"0.861600";"0.862200";"0.011011";"0.006810";"0.006091";"0.005731";"0.898162";"1.504900";"1.458000";"1.465200";"1.464700";"0.009482";"0.007734";"0.008546";"0.009087";"0.641403";"0.679844";"0.703461";"0.717676";"0.554770";"0.503389";"0.471980";"0.451796";"0.827800";"0.787601";"0.774050";"0.770495";"0.001319";"0.005922";"0.009772";"0.007193";"0.003595";"0.001876";"0.001361";"0.001493";"0.002236";"0.003693";"0.005395";"0.006801";"0.008905";"0.013109";"0.018668";"0.021541";"0.019013";"0.012921";"0.006768";"0.002685";"0.000794";"0.000174";"0.439000";"0.042000";"0.386000";"1.267000";"1.433000";"0.009000";"0.099000";"0.111000";"0.514000";"0.033000";"1.961000";"2.487000";"0.669000";"0.008000";"120.000000";"288.657920";"444.495940";"34.340790";"78.227150";"-15.341330";"-5.354350";"-251.659190";"-87.832780";"584.076691";"478.980707";"304.211828";"224.658946";"75.732069";"62.105201";"39.444463";"29.129543";"0.637616";"0.275933";"0.139536";"0.099781";"22/11/2010";"1";"70.857141";"3.376107";"0.001981";"0.910813";"0.081821";"99.000000";"1";"4";"10";"7";"6";"4";"10";"5";"5";"4";"10";"5";"5";"4";"10";"5";"4";"0.110400";"0.112980";"0.132550";"0.129710";"71.266500";"Level_1.5"
"04:11:2009";"21:03:59";"308.877766";"N/A";"0.062318";"0.063196";"N/A";"0.059275";"0.070429";"N/A";"N/A";"N/A";"N/A";"0.072996";"0.076925";"N/A";"0.076457";"N/A";"N/A";"2.644825";"0.078100";"0.065400";"0.061500";"0.060000";"0.031500";"0.014900";"0.008500";"0.006000";"0.046500";"0.050500";"0.053000";"0.054000";"0.358962";"0.970800";"0.973300";"0.976900";"0.978800";"0.002277";"0.001748";"0.001422";"0.001272";"0.689151";"1.489900";"1.487300";"1.490300";"1.493200";"0.000905";"0.001012";"0.001037";"0.001065";"0.739525";"0.726422";"0.725619";"0.727043";"0.665273";"0.597161";"0.543690";"0.507719";"0.787334";"0.763591";"0.754390";"0.751324";"0.000178";"0.000764";"0.001958";"0.003049";"0.003061";"0.002304";"0.001689";"0.001580";"0.002126";"0.003770";"0.007094";"0.011650";"0.015428";"0.017095";"0.018304";"0.022134";"0.029625";"0.035184";"0.027724";"0.011671";"0.002349";"0.000218";"0.439000";"0.059000";"1.099000";"2.485000";"1.041000";"0.004000";"0.141000";"0.161000";"0.530000";"0.055000";"2.310000";"3.068000";"0.724000";"0.008000";"120.000000";"323.234520";"487.025550";"36.850200";"83.732090";"-11.769620";"-7.914370";"-167.560290";"-112.674290";"619.444668";"507.984739";"322.632965";"238.262866";"81.362591";"66.722593";"42.377077";"31.295264";"0.554119";"0.248728";"0.154104";"0.146105";"22/11/2010";"0";"69.797546";"4.914219";"0.003221";"0.334702";"0.076925";"6.626665";"1";"4";"9";"6";"4";"1";"10";"3";"2";"2";"6";"3";"2";"2";"8";"2";"2";"0.101510";"0.107540";"0.130100";"0.131010";"69.394000";"Level_1.5"
"04:11:2009";"21:48:13";"308.908484";"N/A";"0.055634";"0.056928";"N/A";"0.050819";"0.064641";"N/A";"N/A";"N/A";"N/A";"0.067525";"0.072707";"N/A";"0.073960";"N/A";"N/A";"2.717322";"0.073400";"0.058500";"0.055100";"0.054100";"0.032300";"0.013700";"0.007400";"0.005100";"0.041000";"0.044800";"0.047700";"0.049000";"0.433776";"0.984800";"0.986900";"0.989000";"0.990300";"0.001114";"0.000769";"0.000607";"0.000527";"0.894762";"1.476000";"1.467700";"1.468000";"1.469400";"0.000500";"0.000500";"0.000500";"0.000500";"0.716200";"0.705271";"0.710926";"0.716556";"0.641235";"0.564448";"0.509094";"0.473457";"0.772967";"0.747614";"0.741956";"0.741601";"0.000187";"0.000992";"0.002752";"0.004113";"0.003601";"0.002247";"0.001385";"0.001203";"0.001779";"0.003923";"0.008254";"0.011617";"0.012985";"0.016533";"0.022931";"0.028179";"0.026250";"0.017546";"0.008431";"0.002943";"0.000751";"0.000141";"0.439000";"0.049000";"0.823000";"1.859000";"1.056000";"0.005000";"0.129000";"0.146000";"0.504000";"0.044000";"1.947000";"2.445000";"0.660000";"0.008000";"120.000000";"509.659130";"711.827630";"32.751660";"83.504170";"-9.834770";"-7.508720";"-154.257040";"-117.773190";"927.369390";"760.502950";"483.013176";"356.702866";"75.349508";"61.791475";"39.245208";"28.982394";"0.425647";"0.172042";"0.101269";"0.095050";"22/11/2010";"0";"59.454954";"2.453853";"0.003907";"0.424721";"0.072707";"59.354486";"1";"3";"11";"7";"4";"3";"11";"7";"4";"3";"11";"7";"2";"3";"10";"8";"0";"0.053670";"0.058460";"0.078870";"0.078820";"59.048000";"Level_1.5"
"04:11:2009";"22:13:49";"308.926262";"N/A";"0.053866";"0.055908";"N/A";"0.049470";"0.064866";"N/A";"N/A";"N/A";"N/A";"0.068499";"0.073834";"N/A";"0.075477";"N/A";"N/A";"2.690287";"0.074500";"0.056300";"0.051700";"0.050200";"0.037100";"0.015300";"0.008200";"0.005600";"0.037400";"0.041000";"0.043500";"0.044600";"0.550701";"0.977900";"0.979500";"0.981400";"0.983300";"0.001650";"0.001153";"0.000962";"0.000838";"0.800985";"1.471500";"1.463000";"1.464900";"1.466500";"0.000819";"0.000830";"0.000889";"0.000891";"0.709805";"0.699565";"0.706562";"0.712924";"0.639222";"0.555211";"0.496647";"0.460336";"0.777790";"0.752900";"0.745981";"0.744541";"0.000177";"0.001065";"0.003238";"0.005072";"0.004388";"0.002566";"0.001490";"0.001273";"0.001860";"0.003830";"0.007301";"0.009921";"0.011741";"0.016013";"0.022030";"0.025375";"0.022783";"0.015721";"0.008146";"0.003076";"0.000830";"0.000159";"0.439000";"0.046000";"0.722000";"1.743000";"1.126000";"0.005000";"0.129000";"0.144000";"0.487000";"0.040000";"1.947000";"2.452000";"0.664000";"0.008000";"120.000000";"611.580600";"832.415760";"30.030110";"82.055880";"-9.601640";"-6.946370";"-152.715950";"-110.483340";"1091.649498";"895.223275";"568.577199";"419.891479";"70.936555";"58.172568";"36.946756";"27.284999";"0.380816";"0.147812";"0.083432";"0.076572";"22/11/2010";"1";"53.433996";"2.363193";"0.004344";"0.486267";"0.073834";"63.036073";"1";"3";"10";"8";"4";"3";"10";"8";"4";"4";"10";"8";"4";"4";"10";"7";"4";"0.039210";"0.043560";"0.063050";"0.062680";"53.023500";"Level_1.5"
"04:11:2009";"23:00:02";"308.958356";"N/A";"0.058292";"0.060623";"N/A";"0.052123";"0.071182";"N/A";"N/A";"N/A";"N/A";"0.073804";"0.079894";"N/A";"0.082488";"N/A";"N/A";"2.703254";"0.082300";"0.062100";"0.056100";"0.054000";"0.042500";"0.018600";"0.010200";"0.007000";"0.039800";"0.043500";"0.046000";"0.047000";"0.575065";"0.987100";"0.988300";"0.989800";"0.990800";"0.001064";"0.000729";"0.000574";"0.000498";"0.908714";"1.490800";"1.485800";"1.487500";"1.489000";"0.000500";"0.000500";"0.000500";"0.000500";"0.707149";"0.692776";"0.696849";"0.702061";"0.648121";"0.568788";"0.511071";"0.474127";"0.767735";"0.744784";"0.737551";"0.735915";"0.000180";"0.000989";"0.002956";"0.004861";"0.004634";"0.003036";"0.001901";"0.001611";"0.002147";"0.003940";"0.007203";"0.010512";"0.013217";"0.017064";"0.021927";"0.024373";"0.021601";"0.014693";"0.007470";"0.002798";"0.000770";"0.000156";"0.439000";"0.046000";"0.714000";"1.676000";"1.120000";"0.006000";"0.135000";"0.151000";"0.495000";"0.040000";"1.890000";"2.374000";"0.664000";"0.008000";"120.000000";"778.273720";"1026.817950";"27.833500";"82.265940";"-9.266470";"-7.172550";"-132.887750";"-102.859340";"1355.781044";"1111.828246";"706.148073";"521.486895";"68.170900";"55.904553";"35.506286";"26.221219";"0.331671";"0.130170";"0.074774";"0.067679";"22/11/2010";"0";"42.520152";"2.004842";"0.005844";"0.495820";"0.079894";"36.028305";"1";"4";"11";"8";"2";"4";"11";"8";"2";"4";"11";"8";"2";"4";"10";"9";"2";"0.026650";"0.030510";"0.048920";"0.048260";"42.100000";"Level_1.5"
"05:11:2009";"05:00:04";"309.208380";"N/A";"0.059999";"0.062670";"N/A";"0.055754";"0.076173";"N/A";"N/A";"N/A";"N/A";"0.080821";"0.089600";"N/A";"0.095833";"N/A";"N/A";"2.850129";"0.088200";"0.064400";"0.059100";"0.057400";"0.045700";"0.016900";"0.009000";"0.006300";"0.042600";"0.047400";"0.050100";"0.051100";"0.605121";"0.886000";"0.901800";"0.914900";"0.922500";"0.010062";"0.006318";"0.005035";"0.004450";"1.029591";"1.426600";"1.411400";"1.417700";"1.425300";"0.005762";"0.004875";"0.004756";"0.004757";"0.708946";"0.717425";"0.730122";"0.734773";"0.614383";"0.521142";"0.465232";"0.433104";"0.821297";"0.790683";"0.778255";"0.771256";"0.000409";"0.002806";"0.007645";"0.008974";"0.005659";"0.002737";"0.001548";"0.001422";"0.002274";"0.004884";"0.008758";"0.011421";"0.014487";"0.020698";"0.027426";"0.029019";"0.024523";"0.016097";"0.008073";"0.003059";"0.000870";"0.000185";"0.439000";"0.055000";"0.541000";"1.474000";"1.244000";"0.009000";"0.114000";"0.126000";"0.476000";"0.046000";"1.881000";"2.351000";"0.657000";"0.008000";"120.000000";"745.089050";"998.381010";"28.013570";"80.870240";"-14.957260";"-5.734180";"-206.287030";"-79.084450";"1329.326385";"1090.133713";"692.369368";"511.311389";"67.938534";"55.713997";"35.385260";"26.131841";"0.363760";"0.149019";"0.084769";"0.068984";"22/11/2010";"0";"43.453885";"2.770790";"0.004831";"0.603609";"0.089600";"98.996776";"1";"2";"10";"8";"3";"4";"10";"8";"3";"4";"10";"8";"3";"4";"10";"8";"2";"0.028950";"0.032420";"0.050440";"0.049330";"43.858000";"Level_1.5"
"05:11:2009";"05:46:17";"309.240475";"N/A";"0.060687";"0.063324";"N/A";"0.058569";"0.077251";"N/A";"N/A";"N/A";"N/A";"0.082251";"0.092173";"N/A";"0.098615";"N/A";"N/A";"2.837611";"0.091300";"0.065900";"0.060100";"0.057700";"0.049500";"0.019100";"0.010700";"0.007500";"0.041800";"0.046800";"0.049400";"0.050300";"0.631450";"0.864200";"0.878400";"0.868800";"0.867000";"0.012399";"0.008015";"0.007887";"0.007681";"0.701033";"1.441300";"1.422400";"1.427200";"1.428000";"0.008124";"0.006720";"0.008488";"0.009353";"0.698749";"0.715259";"0.734018";"0.744514";"0.605343";"0.537046";"0.493053";"0.464903";"0.825578";"0.792311";"0.786734";"0.784875";"0.000767";"0.004162";"0.008800";"0.008292";"0.004833";"0.002610";"0.001802";"0.001858";"0.002850";"0.005464";"0.008925";"0.011050";"0.013492";"0.019116";"0.026188";"0.028468";"0.023236";"0.014347";"0.006929";"0.002643";"0.000796";"0.000189";"0.439000";"0.053000";"0.486000";"1.372000";"1.285000";"0.009000";"0.109000";"0.123000";"0.519000";"0.044000";"1.826000";"2.295000";"0.663000";"0.008000";"120.000000";"573.065870";"798.715730";"30.406180";"81.232690";"-18.327920";"-5.838130";"-245.296040";"-78.136000";"1055.607651";"865.666627";"549.805082";"406.028362";"70.373521";"57.710844";"36.653504";"27.068433";"0.434147";"0.181970";"0.101656";"0.080112";"22/11/2010";"1";"54.357912";"2.532075";"0.004266";"0.608952";"0.092173";"98.995762";"1";"4";"10";"8";"3";"4";"10";"8";"4";"4";"10";"8";"3";"4";"10";"7";"4";"0.044360";"0.047670";"0.066200";"0.064690";"54.768500";"Level_1.5"
"05:11:2009";"06:11:54";"309.258264";"N/A";"0.056013";"0.058880";"N/A";"0.055838";"0.074020";"N/A";"N/A";"N/A";"N/A";"0.079040";"0.088973";"N/A";"0.095572";"N/A";"N/A";"2.785583";"0.088000";"0.061300";"0.056100";"0.054300";"0.048500";"0.017500";"0.009500";"0.006400";"0.039500";"0.043800";"0.046700";"0.047900";"0.682121";"0.889700";"0.917300";"0.923400";"0.928500";"0.009703";"0.005076";"0.004303";"0.003888";"1.231005";"1.440400";"1.418100";"1.426100";"1.426600";"0.005876";"0.004022";"0.004288";"0.004449";"0.688020";"0.703583";"0.719497";"0.731631";"0.593438";"0.520130";"0.473825";"0.445097";"0.816804";"0.779395";"0.769678";"0.769322";"0.000949";"0.004910";"0.009617";"0.008378";"0.004709";"0.002538";"0.001714";"0.001640";"0.002292";"0.004389";"0.008728";"0.012185";"0.013266";"0.017404";"0.024111";"0.026134";"0.021634";"0.013924";"0.006999";"0.002721";"0.000811";"0.000185";"0.439000";"0.051000";"0.448000";"1.314000";"1.327000";"0.010000";"0.105000";"0.117000";"0.503000";"0.042000";"1.831000";"2.300000";"0.667000";"0.008000";"120.000000";"473.206480";"675.855590";"32.641050";"82.467970";"-15.119910";"-6.844150";"-214.709290";"-97.189860";"896.232653";"734.968809";"466.795847";"344.726448";"73.882352";"60.588312";"38.481051";"28.418068";"0.490807";"0.209673";"0.117786";"0.093157";"22/11/2010";"1";"60.375544";"1.955003";"0.003178";"0.661325";"0.088973";"99.000000";"1";"3";"10";"8";"5";"3";"10";"8";"5";"3";"10";"8";"5";"3";"10";"6";"4";"0.060300";"0.063470";"0.082350";"0.080480";"60.782000";"Level_1.5"
"05:11:2009";"06:56:53";"309.289502";"N/A";"0.058567";"0.061351";"N/A";"0.062705";"0.080608";"N/A";"N/A";"N/A";"N/A";"0.087393";"0.099833";"N/A";"0.108426";"N/A";"N/A";"2.836392";"0.099500";"0.065300";"0.059900";"0.057800";"0.057800";"0.018800";"0.010800";"0.007500";"0.041700";"0.046600";"0.049100";"0.050200";"0.771819";"0.875500";"0.877600";"0.872700";"0.870100";"0.012394";"0.007994";"0.007618";"0.007503";"0.747698";"1.435600";"1.402700";"1.423900";"1.427300";"0.007159";"0.006046";"0.007530";"0.008540";"0.653485";"0.701769";"0.721872";"0.737071";"0.542974";"0.471340";"0.433659";"0.412950";"0.825371";"0.797292";"0.783320";"0.781739";"0.002669";"0.011041";"0.016133";"0.010450";"0.004726";"0.002266";"0.001503";"0.001534";"0.002357";"0.004721";"0.008976";"0.012230";"0.014579";"0.018986";"0.024944";"0.027530";"0.023664";"0.015695";"0.008073";"0.003185";"0.000950";"0.000213";"0.439000";"0.059000";"0.334000";"1.108000";"1.477000";"0.014000";"0.092000";"0.101000";"0.475000";"0.045000";"1.857000";"2.338000";"0.670000";"0.008000";"120.000000";"280.335170";"444.261440";"33.024160";"78.495280";"-18.499430";"-6.606330";"-241.816190";"-86.354990";"576.483828";"472.754068";"300.257144";"221.738431";"74.101988";"60.768428";"38.595447";"28.502549";"0.653950";"0.301318";"0.170964";"0.132860";"22/11/2010";"1";"70.875865";"2.646124";"0.001575";"0.746616";"0.099833";"99.000000";"1";"4";"10";"7";"6";"4";"10";"7";"5";"4";"10";"7";"6";"4";"10";"6";"5";"0.109300";"0.111910";"0.131520";"0.128710";"71.282250";"Level_1.5"
"05:11:2009";"07:18:43";"309.304664";"N/A";"0.059271";"0.062097";"N/A";"0.065420";"0.083769";"N/A";"N/A";"N/A";"N/A";"0.091454";"0.105182";"N/A";"0.114959";"N/A";"N/A";"2.841934";"0.105200";"0.067200";"0.061000";"0.058500";"0.064300";"0.021500";"0.012700";"0.009000";"0.040800";"0.045700";"0.048300";"0.049500";"0.827987";"0.882600";"0.872400";"0.859100";"0.859400";"0.012347";"0.008580";"0.008587";"0.008234";"0.565764";"1.430900";"1.413200";"1.439600";"1.445700";"0.006607";"0.006450";"0.008438";"0.009208";"0.609452";"0.676279";"0.704881";"0.722424";"0.489207";"0.435759";"0.417101";"0.407930";"0.816897";"0.790114";"0.775511";"0.772395";"0.007932";"0.022012";"0.021845";"0.010282";"0.003840";"0.001799";"0.001350";"0.001632";"0.002735";"0.005258";"0.009408";"0.012944";"0.014572";"0.017122";"0.020810";"0.022677";"0.020653";"0.015458";"0.009132";"0.003983";"0.001220";"0.000257";"0.439000";"0.062000";"0.233000";"0.821000";"1.650000";"0.020000";"0.081000";"0.088000";"0.460000";"0.042000";"1.794000";"2.315000";"0.713000";"0.008000";"120.000000";"187.803700";"326.573990";"29.332230";"71.611970";"-18.443890";"-6.557430";"-231.926230";"-82.457710";"414.764000";"340.133337";"216.026622";"159.534603";"67.201123";"55.109272";"35.001185";"25.848204";"0.772931";"0.386350";"0.220794";"0.168463";"22/11/2010";"1";"75.930067";"3.484379";"0.001129";"0.798695";"0.105182";"99.000000";"1";"4";"10";"6";"5";"4";"10";"6";"5";"4";"10";"6";"5";"4";"10";"5";"4";"0.148200";"0.149770";"0.169790";"0.166370";"76.357500";"Level_1.5"
"19:11:2009";"05:01:49";"323.209595";"N/A";"0.043616";"0.050370";"N/A";"0.053723";"0.084672";"N/A";"N/A";"N/A";"N/A";"0.095511";"0.110335";"N/A";"0.121237";"N/A";"N/A";"2.373796";"0.108500";"0.060500";"0.046900";"0.041200";"0.087600";"0.036900";"0.022000";"0.015800";"0.021000";"0.023600";"0.024900";"0.025300";"1.251666";"0.863100";"0.839300";"0.826100";"0.825800";"0.014854";"0.009727";"0.008153";"0.007174";"0.896425";"1.499100";"1.466400";"1.483800";"1.492100";"0.018841";"0.017295";"0.018535";"0.018661";"0.692401";"0.662264";"0.650593";"0.652724";"0.663800";"0.582089";"0.507809";"0.459778";"0.841400";"0.803127";"0.783730";"0.774022";"0.000299";"0.001528";"0.004507";"0.007898";"0.008840";"0.007015";"0.004571";"0.003036";"0.002636";"0.003318";"0.004872";"0.006429";"0.007605";"0.008711";"0.008967";"0.008017";"0.006094";"0.003954";"0.002236";"0.001127";"0.000513";"0.000212";"0.439000";"0.028000";"0.320000";"0.739000";"1.374000";"0.011000";"0.141000";"0.157000";"0.470000";"0.017000";"1.500000";"1.920000";"0.720000";"0.008000";"120.000000";"760.906900";"1014.263920";"28.210530";"81.300350";"-20.189680";"-5.299750";"-252.815280";"-66.363500";"1337.915841";"1097.177623";"696.843120";"514.615233";"67.441170";"55.306126";"35.126212";"25.940535";"0.376700";"0.140535";"0.065760";"0.044743";"22/11/2010";"0";"42.889057";"2.828229";"0.004074";"1.249582";"0.110335";"71.899124";"1";"4";"10";"8";"3";"4";"10";"8";"2";"4";"10";"8";"3";"4";"10";"9";"2";"0.027930";"0.032410";"0.049960";"0.048810";"43.292500";"Level_1.5"
"19:11:2009";"05:51:03";"323.243785";"N/A";"0.043410";"0.050945";"N/A";"0.057741";"0.088166";"N/A";"N/A";"N/A";"N/A";"0.100203";"0.116899";"N/A";"0.128561";"N/A";"N/A";"2.399592";"0.115200";"0.062000";"0.049000";"0.042600";"0.093400";"0.037500";"0.023300";"0.016600";"0.021700";"0.024600";"0.025700";"0.026100";"1.280895";"0.837300";"0.823700";"0.808600";"0.807400";"0.018734";"0.010938";"0.009381";"0.008210";"1.044257";"1.502800";"1.449700";"1.474300";"1.476200";"0.023831";"0.019415";"0.021158";"0.021208";"0.687735";"0.673433";"0.661174";"0.666802";"0.656995";"0.588291";"0.517874";"0.471935";"0.854437";"0.816736";"0.795615";"0.788153";"0.000627";"0.002717";"0.006258";"0.008397";"0.008109";"0.006823";"0.005188";"0.003607";"0.002929";"0.003481";"0.005027";"0.006489";"0.007565";"0.008779";"0.009374";"0.008375";"0.006068";"0.003683";"0.001980";"0.000988";"0.000470";"0.000215";"0.439000";"0.029000";"0.291000";"0.680000";"1.395000";"0.012000";"0.133000";"0.150000";"0.508000";"0.017000";"1.476000";"1.883000";"0.713000";"0.008000";"120.000000";"578.003260";"803.678990";"30.893220";"82.046850";"-22.453180";"-5.626460";"-269.185950";"-67.454330";"1055.123503";"865.269594";"549.552917";"405.842139";"70.559381";"57.863262";"36.750308";"27.139923";"0.457088";"0.176206";"0.084348";"0.055754";"22/11/2010";"1";"54.370663";"2.435524";"0.002484";"1.296763";"0.116899";"65.498040";"1";"4";"10";"8";"4";"4";"10";"8";"4";"4";"10";"8";"3";"4";"10";"7";"4";"0.044230";"0.048600";"0.066650";"0.065030";"54.780250";"Level_1.5"
"19:11:2009";"06:17:00";"323.261806";"N/A";"0.045175";"0.052378";"N/A";"0.061493";"0.091097";"N/A";"N/A";"N/A";"N/A";"0.103894";"0.121528";"N/A";"0.133789";"N/A";"N/A";"2.518215";"0.119600";"0.065100";"0.051000";"0.044500";"0.095600";"0.037800";"0.022600";"0.015900";"0.024000";"0.027400";"0.028400";"0.028600";"1.275088";"0.831200";"0.798600";"0.784700";"0.781800";"0.020196";"0.013117";"0.010969";"0.009701";"0.912320";"1.459100";"1.411000";"1.423200";"1.421300";"0.022497";"0.020926";"0.022059";"0.022402";"0.693621";"0.684354";"0.681117";"0.691245";"0.662585";"0.590595";"0.520559";"0.473420";"0.850496";"0.826026";"0.808926";"0.804360";"0.000643";"0.003261";"0.007958";"0.010333";"0.009158";"0.007244";"0.005619";"0.004195";"0.003484";"0.003938";"0.005470";"0.007434";"0.009219";"0.010437";"0.010543";"0.009196";"0.006863";"0.004414";"0.002487";"0.001248";"0.000564";"0.000231";"0.439000";"0.034000";"0.286000";"0.674000";"1.406000";"0.014000";"0.131000";"0.148000";"0.510000";"0.020000";"1.482000";"1.893000";"0.716000";"0.008000";"120.000000";"470.810890";"680.223510";"33.329320";"82.453470";"-24.199310";"-5.283600";"-279.261610";"-60.973110";"887.455353";"727.770855";"462.224258";"341.350352";"74.449870";"61.053714";"38.776639";"28.636358";"0.518463";"0.207553";"0.099592";"0.066013";"22/11/2010";"1";"60.385725";"3.263990";"0.002077";"1.298086";"0.121528";"95.827980";"1";"3";"10";"8";"5";"3";"10";"8";"5";"3";"10";"8";"5";"3";"10";"7";"3";"0.061630";"0.065800";"0.084130";"0.082170";"60.781750";"Level_1.5"
"19:11:2009";"07:05:40";"323.295602";"N/A";"0.045828";"0.052785";"N/A";"0.064809";"0.092831";"N/A";"N/A";"N/A";"N/A";"0.106433";"0.125456";"N/A";"0.138618";"N/A";"N/A";"2.604700";"0.124700";"0.065500";"0.052400";"0.045700";"0.104800";"0.043200";"0.028700";"0.021300";"0.020000";"0.022200";"0.023700";"0.024400";"1.302426";"0.855000";"0.825100";"0.796000";"0.795600";"0.018078";"0.011450";"0.010684";"0.009343";"0.804229";"1.408400";"1.384500";"1.409700";"1.413700";"0.011262";"0.010731";"0.013376";"0.013614";"0.617731";"0.667487";"0.675335";"0.686028";"0.577697";"0.588300";"0.557509";"0.532276";"0.853179";"0.820836";"0.806852";"0.802178";"0.055629";"0.026451";"0.012780";"0.007430";"0.006120";"0.006547";"0.006557";"0.004889";"0.003381";"0.003305";"0.004762";"0.007300";"0.009631";"0.010897";"0.010616";"0.008886";"0.006551";"0.004281";"0.002480";"0.001277";"0.000586";"0.000240";"0.576000";"0.054000";"0.106000";"0.251000";"1.657000";"0.036000";"0.071000";"0.083000";"0.656000";"0.019000";"1.679000";"2.047000";"0.656000";"0.008000";"120.000000";"267.086910";"431.090180";"35.163050";"80.079120";"-22.594170";"-5.771320";"-258.501720";"-66.030110";"554.317696";"454.576404";"288.712085";"213.212462";"78.363921";"64.263490";"40.815242";"30.141857";"0.694419";"0.309630";"0.155275";"0.102312";"22/11/2010";"1";"71.570563";"1.874190";"0.000415";"1.314119";"0.125456";"74.979917";"1";"4";"10";"7";"5";"4";"10";"7";"5";"4";"10";"7";"5";"4";"10";"6";"5";"0.122850";"0.126320";"0.145230";"0.142040";"71.979500";"Level_1.5"
"19:11:2009";"07:24:28";"323.308657";"N/A";"0.047339";"0.054185";"N/A";"0.067304";"0.095299";"N/A";"N/A";"N/A";"N/A";"0.109505";"0.129444";"N/A";"0.143474";"N/A";"N/A";"2.643662";"0.128700";"0.067600";"0.053900";"0.047300";"0.107100";"0.043300";"0.028100";"0.020700";"0.021700";"0.024300";"0.025800";"0.026600";"1.306929";"0.850700";"0.811700";"0.779300";"0.774400";"0.019217";"0.012730";"0.011901";"0.010667";"0.731795";"1.389900";"1.365300";"1.387300";"1.389200";"0.013810";"0.013705";"0.016593";"0.017509";"0.643280";"0.662533";"0.676709";"0.695081";"0.606348";"0.572540";"0.541519";"0.520782";"0.861267";"0.830749";"0.817611";"0.815447";"0.002654";"0.017951";"0.028742";"0.016721";"0.008267";"0.005983";"0.005732";"0.004937";"0.003777";"0.003734";"0.005296";"0.008005";"0.010696";"0.012562";"0.012214";"0.010098";"0.007401";"0.004820";"0.002756";"0.001381";"0.000607";"0.000235";"0.576000";"0.047000";"0.176000";"0.421000";"1.547000";"0.026000";"0.102000";"0.118000";"0.584000";"0.021000";"1.684000";"2.047000";"0.649000";"0.008000";"120.000000";"188.620600";"330.516030";"31.949840";"73.303350";"-21.785610";"-4.840430";"-241.496880";"-53.656940";"417.420017";"342.311443";"217.409988";"160.556212";"73.060292";"59.914170";"38.052888";"28.101872";"0.792929";"0.386198";"0.197459";"0.128675";"22/11/2010";"1";"75.846627";"2.347704";"0.000228";"1.315347";"0.129444";"98.949560";"1";"4";"10";"6";"5";"4";"10";"6";"5";"4";"10";"6";"5";"4";"10";"6";"5";"0.160960";"0.163760";"0.182910";"0.179080";"76.278750";"Level_1.5"
"19:11:2009";"21:46:38";"323.907384";"N/A";"0.055170";"0.063390";"N/A";"0.070135";"0.094432";"N/A";"N/A";"N/A";"N/A";"0.102594";"0.111821";"N/A";"0.115253";"N/A";"N/A";"2.952641";"0.114500";"0.080400";"0.064000";"0.055700";"0.095700";"0.060500";"0.042900";"0.034000";"0.018800";"0.019900";"0.021000";"0.021700";"0.857053";"0.993500";"0.993800";"0.994000";"0.994100";"0.000745";"0.000495";"0.000385";"0.000329";"0.974402";"1.470800";"1.475200";"1.494300";"1.500500";"0.000500";"0.000500";"0.000500";"0.000500";"0.742205";"0.706320";"0.676495";"0.664397";"0.733776";"0.691438";"0.648766";"0.623864";"0.783438";"0.750515";"0.732236";"0.727474";"0.000178";"0.000453";"0.001094";"0.002455";"0.004808";"0.007509";"0.008742";"0.007725";"0.005824";"0.004522";"0.004331";"0.005526";"0.008572";"0.012871";"0.014767";"0.011670";"0.006625";"0.003085";"0.001358";"0.000627";"0.000320";"0.000185";"0.756000";"0.031000";"0.486000";"0.937000";"1.152000";"0.012000";"0.230000";"0.270000";"0.553000";"0.018000";"1.895000";"2.159000";"0.526000";"0.008000";"120.000000";"507.081020";"716.370640";"32.629960";"86.283900";"-12.380460";"-9.971080";"-128.522290";"-103.510360";"923.819335";"757.591675";"481.164157";"355.337375";"75.435053";"61.861628";"39.289764";"29.015298";"0.467741";"0.203880";"0.113983";"0.095150";"22/11/2010";"0";"59.472938";"6.241146";"0.005282";"0.896137";"0.111821";"1.117294";"1";"3";"11";"7";"4";"3";"11";"5";"3";"2";"10";"5";"2";"3";"8";"6";"2";"0.053360";"0.059250";"0.079170";"0.079060";"59.066000";"Level_1.5"
"20:11:2009";"05:02:05";"324.209780";"N/A";"0.051860";"0.060395";"N/A";"0.065362";"0.096583";"N/A";"N/A";"N/A";"N/A";"0.106180";"0.119149";"N/A";"0.127585";"N/A";"N/A";"3.238479";"0.118600";"0.073000";"0.055600";"0.047800";"0.098500";"0.050600";"0.031800";"0.023400";"0.020200";"0.022400";"0.023800";"0.024500";"1.121505";"0.924100";"0.913000";"0.896900";"0.897500";"0.009003";"0.006352";"0.005732";"0.004905";"0.681091";"1.426600";"1.414700";"1.424400";"1.427600";"0.007940";"0.008106";"0.009282";"0.009147";"0.748210";"0.712423";"0.689995";"0.683192";"0.731632";"0.673627";"0.613635";"0.572279";"0.840603";"0.808713";"0.798456";"0.793084";"0.000233";"0.000825";"0.002275";"0.004869";"0.008016";"0.010013";"0.009427";"0.006901";"0.004717";"0.004017";"0.004666";"0.006207";"0.007867";"0.009438";"0.010888";"0.011375";"0.010307";"0.007711";"0.004592";"0.002151";"0.000794";"0.000231";"0.576000";"0.035000";"0.417000";"0.938000";"1.334000";"0.013000";"0.187000";"0.213000";"0.509000";"0.021000";"1.888000";"2.386000";"0.691000";"0.008000";"120.000000";"753.259710";"1014.932720";"27.971010";"81.466510";"-16.095910";"-5.938010";"-173.568990";"-64.032050";"1341.659152";"1100.247381";"698.792795";"516.055058";"68.169200";"55.903158";"35.505401";"26.220565";"0.386912";"0.157350";"0.079114";"0.055704";"22/11/2010";"0";"42.871724";"2.748919";"0.004990";"1.082574";"0.119149";"67.931420";"1";"4";"9";"8";"3";"4";"10";"8";"3";"4";"10";"7";"3";"4";"10";"7";"2";"0.028130";"0.032610";"0.050150";"0.049000";"43.279750";"Level_1.5"
"20:11:2009";"05:51:26";"324.244051";"N/A";"0.051065";"0.059994";"N/A";"0.067052";"0.096330";"N/A";"N/A";"N/A";"N/A";"0.106187";"0.119747";"N/A";"0.128208";"N/A";"N/A";"3.320110";"0.118100";"0.072400";"0.057200";"0.050000";"0.097100";"0.049000";"0.032400";"0.024600";"0.021000";"0.023400";"0.024800";"0.025400";"1.078578";"0.934700";"0.929100";"0.924700";"0.924200";"0.007713";"0.005139";"0.004307";"0.003790";"0.869690";"1.453500";"1.415900";"1.435300";"1.443700";"0.006517";"0.006306";"0.006764";"0.006864";"0.743258";"0.725203";"0.698006";"0.687211";"0.726380";"0.688681";"0.630602";"0.591506";"0.829820";"0.807040";"0.790600";"0.783380";"0.000313";"0.000953";"0.002218";"0.004046";"0.006145";"0.008190";"0.009172";"0.007649";"0.005296";"0.004364";"0.004685";"0.005880";"0.007777";"0.010127";"0.011974";"0.012086";"0.010058";"0.006802";"0.003777";"0.001752";"0.000687";"0.000228";"0.576000";"0.034000";"0.439000";"0.969000";"1.292000";"0.013000";"0.192000";"0.222000";"0.531000";"0.021000";"1.855000";"2.314000";"0.671000";"0.008000";"120.000000";"574.101750";"804.060330";"30.562340";"82.840820";"-15.432860";"-7.183970";"-165.981980";"-77.264390";"1060.932827";"870.033616";"552.578659";"408.076635";"71.320027";"58.487040";"37.146484";"27.432497";"0.463043";"0.195170";"0.101942";"0.072722";"22/11/2010";"1";"54.369427";"3.023347";"0.003154";"1.084577";"0.119747";"48.779033";"1";"4";"10";"8";"4";"4";"10";"8";"4";"4";"9";"7";"4";"4";"10";"6";"3";"0.044200";"0.048550";"0.066610";"0.065040";"54.778250";"Level_1.5"
"20:11:2009";"07:05:50";"324.295718";"N/A";"0.050318";"0.058047";"N/A";"0.069840";"0.096264";"N/A";"N/A";"N/A";"N/A";"0.107862";"0.124163";"N/A";"0.134504";"N/A";"N/A";"3.303825";"0.123400";"0.071300";"0.057200";"0.049200";"0.101900";"0.047100";"0.031800";"0.023300";"0.021400";"0.024200";"0.025400";"0.026000";"1.150215";"0.901900";"0.893400";"0.874800";"0.871100";"0.012106";"0.007602";"0.007157";"0.006346";"0.805579";"1.344800";"1.343000";"1.374300";"1.378900";"0.008457";"0.007823";"0.009378";"0.009629";"0.725579";"0.705706";"0.688772";"0.691848";"0.701819";"0.644204";"0.590626";"0.557037";"0.853074";"0.831385";"0.813543";"0.810466";"0.001795";"0.008328";"0.016032";"0.015426";"0.011315";"0.009280";"0.008903";"0.007945";"0.005832";"0.004579";"0.005080";"0.007197";"0.009413";"0.010482";"0.010803";"0.010686";"0.009455";"0.007096";"0.004356";"0.002142";"0.000834";"0.000256";"0.576000";"0.045000";"0.229000";"0.552000";"1.504000";"0.024000";"0.127000";"0.151000";"0.617000";"0.022000";"1.795000";"2.265000";"0.698000";"0.008000";"120.000000";"267.166690";"433.060900";"33.150800";"79.143180";"-19.034580";"-7.215090";"-206.826690";"-78.398000";"559.217229";"458.594339";"291.263969";"215.097016";"75.113790";"61.598171";"39.122436";"28.891728";"0.692051";"0.324955";"0.171666";"0.116251";"22/11/2010";"1";"71.501658";"2.761136";"0.001061";"1.156454";"0.124163";"89.868360";"1";"4";"10";"7";"5";"4";"10";"7";"5";"4";"6";"6";"5";"4";"8";"5";"5";"0.115090";"0.118970";"0.138060";"0.135070";"71.902500";"Level_1.5"
"21:11:2009";"05:02:16";"325.209907";"N/A";"0.134236";"0.159971";"N/A";"0.195928";"0.247077";"N/A";"N/A";"N/A";"N/A";"0.263578";"0.277417";"N/A";"0.283519";"N/A";"N/A";"4.209254";"0.277500";"0.199300";"0.156100";"0.133800";"0.246000";"0.167000";"0.122400";"0.098900";"0.031500";"0.032300";"0.033800";"0.035000";"0.843676";"0.987700";"0.987900";"0.987600";"0.987800";"0.003418";"0.002420";"0.001934";"0.001638";"0.838582";"1.361000";"1.367500";"1.380700";"1.384900";"0.000869";"0.000930";"0.000964";"0.000953";"0.783064";"0.759811";"0.733653";"0.720369";"0.774717";"0.751695";"0.721398";"0.702206";"0.845554";"0.801348";"0.778079";"0.771730";"0.000889";"0.003035";"0.006634";"0.009768";"0.011233";"0.012981";"0.018744";"0.029999";"0.031955";"0.019749";"0.012883";"0.012541";"0.015216";"0.019653";"0.026133";"0.031018";"0.031510";"0.025350";"0.015262";"0.006770";"0.002219";"0.000538";"0.992000";"0.093000";"0.470000";"1.037000";"1.297000";"0.045000";"0.247000";"0.313000";"0.658000";"0.049000";"2.638000";"3.091000";"0.569000";"0.008000";"120.000000";"736.151730";"1016.053340";"27.188280";"90.805150";"-21.804790";"-15.916420";"-91.984580";"-67.144190";"1333.800570";"1093.802834";"694.699713";"513.032337";"70.980953";"58.208978";"36.969881";"27.302076";"0.504241";"0.286929";"0.192408";"0.154631";"22/11/2010";"0";"42.833356";"4.303783";"0.002568";"0.852346";"0.277417";"91.384393";"1";"4";"10";"8";"3";"4";"7";"8";"2";"4";"7";"9";"1";"4";"7";"9";"1";"0.028040";"0.032520";"0.050080";"0.048920";"43.239000";"Level_1.5"
"21:11:2009";"07:06:22";"325.296088";"N/A";"0.123322";"0.146498";"N/A";"0.187868";"0.233190";"N/A";"N/A";"N/A";"N/A";"0.252106";"0.270237";"N/A";"0.278550";"N/A";"N/A";"4.114049";"0.270300";"0.188400";"0.146700";"0.123100";"0.236400";"0.152000";"0.107900";"0.082900";"0.033800";"0.036500";"0.038800";"0.040100";"0.898201";"0.949800";"0.955100";"0.948100";"0.942500";"0.013579";"0.008460";"0.007621";"0.007078";"0.877190";"1.392100";"1.371200";"1.385600";"1.385800";"0.004829";"0.004339";"0.005032";"0.005422";"0.798330";"0.778865";"0.744600";"0.727945";"0.790718";"0.769387";"0.723119";"0.691572";"0.856057";"0.820896";"0.807746";"0.806636";"0.000781";"0.000984";"0.001365";"0.002141";"0.003988";"0.008962";"0.021506";"0.037789";"0.030040";"0.015078";"0.009874";"0.010007";"0.012936";"0.018249";"0.025275";"0.028961";"0.025519";"0.017008";"0.008999";"0.003991";"0.001526";"0.000508";"0.756000";"0.078000";"0.563000";"1.056000";"1.173000";"0.035000";"0.292000";"0.332000";"0.463000";"0.043000";"2.245000";"2.688000";"0.602000";"0.008000";"120.000000";"248.325420";"431.385130";"31.919890";"89.366850";"-31.982800";"-17.168350";"-138.063040";"-74.112160";"532.759136";"436.896989";"277.483476";"204.920189";"71.609020";"58.724034";"37.297005";"27.543655";"0.805854";"0.519073";"0.349620";"0.265443";"22/11/2010";"0";"71.514896";"2.260278";"0.000271";"0.925748";"0.270237";"63.046080";"1";"4";"7";"7";"4";"4";"7";"7";"0";"4";"7";"5";"0";"4";"10";"5";"1";"0.120370";"0.123420";"0.142200";"0.138800";"71.982250";"Level_1.5"
"21:11:2009";"23:02:31";"325.960081";"N/A";"0.095455";"0.112593";"N/A";"0.125396";"0.145720";"N/A";"N/A";"N/A";"N/A";"0.143963";"0.153284";"N/A";"0.149340";"N/A";"N/A";"3.447586";"0.160200";"0.132700";"0.112700";"0.101900";"0.119700";"0.090800";"0.068000";"0.055100";"0.040600";"0.041900";"0.044700";"0.046800";"0.512739";"0.989400";"0.991100";"0.991700";"0.992100";"0.001705";"0.001182";"0.000930";"0.000803";"0.892082";"1.440900";"1.446900";"1.446800";"1.444900";"0.000500";"0.000504";"0.000507";"0.000509";"0.745152";"0.726295";"0.715194";"0.711092";"0.723331";"0.711427";"0.696701";"0.683467";"0.806623";"0.758027";"0.743196";"0.743476";"0.000274";"0.000610";"0.001271";"0.002452";"0.004308";"0.006806";"0.009623";"0.011898";"0.012635";"0.012312";"0.012178";"0.012342";"0.014139";"0.020067";"0.030623";"0.040138";"0.038443";"0.025446";"0.011981";"0.004246";"0.001180";"0.000261";"0.756000";"0.074000";"0.817000";"1.632000";"1.086000";"0.019000";"0.277000";"0.332000";"0.568000";"0.056000";"2.333000";"2.776000";"0.580000";"0.008000";"120.000000";"776.461840";"1044.957170";"27.644900";"87.710580";"-15.770220";"-12.202370";"-107.460000";"-83.148290";"1361.113280";"1116.201025";"708.925327";"523.537883";"70.157016";"57.533296";"36.540739";"26.985157";"0.391554";"0.202268";"0.136212";"0.119597";"23/11/2009";"0";"41.880900";"5.265837";"0.005647";"0.462447";"0.153284";"99.000000";"0";"4";"11";"5";"2";"4";"11";"3";"1";"4";"11";"2";"0";"4";"7";"0";"0";"0.026230";"0.031060";"0.048980";"0.048250";"41.474000";"Level_1.5"
"22:11:2009";"05:02:33";"326.210104";"N/A";"0.071983";"0.080154";"N/A";"0.082394";"0.109373";"N/A";"N/A";"N/A";"N/A";"0.116158";"0.125453";"N/A";"0.130830";"N/A";"N/A";"3.286781";"0.126000";"0.089800";"0.075600";"0.067500";"0.098800";"0.060800";"0.045100";"0.036300";"0.027200";"0.029000";"0.030500";"0.031300";"0.758674";"0.949300";"0.944200";"0.926500";"0.924800";"0.006387";"0.005010";"0.005556";"0.005079";"0.239181";"1.442300";"1.430400";"1.455200";"1.460000";"0.003533";"0.004144";"0.005871";"0.006223";"0.756763";"0.744385";"0.726027";"0.719980";"0.733074";"0.711303";"0.677010";"0.658266";"0.845106";"0.816530";"0.802747";"0.795404";"0.000323";"0.001221";"0.003028";"0.005059";"0.006174";"0.006423";"0.006850";"0.007889";"0.008327";"0.007109";"0.005871";"0.006198";"0.008829";"0.014185";"0.020495";"0.023477";"0.021019";"0.014955";"0.008357";"0.003561";"0.001132";"0.000267";"0.756000";"0.049000";"0.569000";"1.362000";"1.257000";"0.015000";"0.209000";"0.260000";"0.652000";"0.034000";"2.387000";"2.832000";"0.583000";"0.008000";"120.000000";"753.362730";"1016.624970";"27.523340";"82.360500";"-15.984620";"-7.184740";"-150.511940";"-67.651830";"1339.912001";"1098.814604";"697.882805";"515.383035";"68.365411";"56.064064";"35.607596";"26.296035";"0.391396";"0.174497";"0.102211";"0.078698";"22/11/2010";"0";"42.816764";"1.984444";"0.004856";"0.724474";"0.125453";"0.392202";"1";"4";"10";"8";"3";"4";"9";"8";"3";"4";"10";"7";"1";"4";"10";"7";"1";"0.027530";"0.032020";"0.049580";"0.048480";"43.226000";"Level_1.5"
"22:11:2009";"05:52:13";"326.244595";"N/A";"0.065431";"0.073744";"N/A";"0.078322";"0.104062";"N/A";"N/A";"N/A";"N/A";"0.111524";"0.121687";"N/A";"0.127545";"N/A";"N/A";"3.221199";"0.120900";"0.084300";"0.070800";"0.063200";"0.094700";"0.056500";"0.041400";"0.032800";"0.026200";"0.027800";"0.029500";"0.030400";"0.795971";"0.983300";"0.984200";"0.983700";"0.983900";"0.002025";"0.001333";"0.001155";"0.001017";"0.843442";"1.424900";"1.397400";"1.419400";"1.423000";"0.000984";"0.000972";"0.001073";"0.001095";"0.747577";"0.744990";"0.723145";"0.716577";"0.727907";"0.721794";"0.687860";"0.668319";"0.816162";"0.791377";"0.772504";"0.768568";"0.000399";"0.001431";"0.003237";"0.004859";"0.005558";"0.005956";"0.006982";"0.008434";"0.008453";"0.007074";"0.006223";"0.006852";"0.009497";"0.014599";"0.020532";"0.023194";"0.020437";"0.014084";"0.007584";"0.003161";"0.001010";"0.000247";"0.756000";"0.049000";"0.561000";"1.330000";"1.246000";"0.015000";"0.208000";"0.261000";"0.661000";"0.034000";"2.319000";"2.749000";"0.584000";"0.008000";"120.000000";"578.824030";"804.806420";"30.663110";"84.676560";"-12.389100";"-8.997590";"-122.422590";"-88.909480";"1063.433259";"872.084133";"553.880990";"409.038400";"72.229774";"59.233092";"37.620319";"27.782422";"0.466744";"0.213337";"0.124633";"0.095658";"22/11/2010";"1";"54.365897";"2.205590";"0.003475";"0.795343";"0.121687";"50.240201";"1";"4";"10";"8";"4";"4";"10";"8";"4";"4";"10";"8";"4";"4";"10";"7";"4";"0.044000";"0.048320";"0.066320";"0.064730";"54.770000";"Level_1.5"
"22:11:2009";"06:18:17";"326.262697";"N/A";"0.070779";"0.079831";"N/A";"0.087795";"0.113782";"N/A";"N/A";"N/A";"N/A";"0.121885";"0.132544";"N/A";"0.138804";"N/A";"N/A";"3.220647";"0.132200";"0.092200";"0.077400";"0.069000";"0.096800";"0.052400";"0.035400";"0.026300";"0.035400";"0.039800";"0.042000";"0.042800";"0.796224";"0.943100";"0.941100";"0.930700";"0.927800";"0.007522";"0.005427";"0.005368";"0.004986";"0.523217";"1.417100";"1.398200";"1.416100";"1.415000";"0.003731";"0.003911";"0.005047";"0.005381";"0.752409";"0.745275";"0.731287";"0.731112";"0.727075";"0.698821";"0.652963";"0.622846";"0.824931";"0.808913";"0.799854";"0.799520";"0.000487";"0.001819";"0.004141";"0.006110";"0.006844";"0.007167";"0.007852";"0.008391";"0.007960";"0.007642";"0.008410";"0.009249";"0.009730";"0.011982";"0.017769";"0.025063";"0.028091";"0.022592";"0.012736";"0.005034";"0.001392";"0.000269";"0.576000";"0.057000";"0.561000";"1.436000";"1.301000";"0.015000";"0.180000";"0.218000";"0.609000";"0.042000";"2.156000";"2.777000";"0.687000";"0.008000";"120.000000";"469.699170";"680.998350";"33.515880";"85.922950";"-18.379820";"-9.001070";"-167.250170";"-81.906720";"889.801400";"729.694765";"463.446179";"342.252734";"76.329467";"62.595105";"39.755613";"29.359325";"0.532103";"0.252594";"0.149145";"0.113653";"22/11/2010";"0";"60.389656";"2.553242";"0.002647";"0.793713";"0.132544";"59.985352";"1";"3";"10";"7";"5";"3";"8";"7";"5";"3";"4";"7";"4";"3";"10";"5";"4";"0.062470";"0.066600";"0.084820";"0.082790";"60.786500";"Level_1.5"
"22:11:2009";"07:26:02";"326.309745";"N/A";"0.077145";"0.089163";"N/A";"0.107248";"0.131089";"N/A";"N/A";"N/A";"N/A";"0.139559";"0.155328";"N/A";"0.163005";"N/A";"N/A";"3.190242";"0.156000";"0.108000";"0.088800";"0.077800";"0.099000";"0.046500";"0.028000";"0.019000";"0.056900";"0.061500";"0.060800";"0.058800";"0.835603";"0.903900";"0.902900";"0.891400";"0.891100";"0.014980";"0.010481";"0.009641";"0.008470";"0.668362";"1.330000";"1.348000";"1.365000";"1.360200";"0.006441";"0.006302";"0.007587";"0.007683";"0.753147";"0.735080";"0.731707";"0.740062";"0.700425";"0.609359";"0.545230";"0.503530";"0.851245";"0.832799";"0.817276";"0.813634";"0.000562";"0.004992";"0.015878";"0.020463";"0.015113";"0.010055";"0.008180";"0.008455";"0.009627";"0.010411";"0.010218";"0.010508";"0.012917";"0.018498";"0.025849";"0.030476";"0.028279";"0.020156";"0.010846";"0.004380";"0.001326";"0.000301";"0.439000";"0.075000";"0.354000";"0.967000";"1.452000";"0.024000";"0.131000";"0.149000";"0.527000";"0.051000";"1.728000";"2.323000";"0.747000";"0.008000";"120.000000";"183.386960";"330.267740";"29.901380";"75.748010";"-23.366810";"-9.080740";"-183.235860";"-71.208590";"410.075417";"336.288395";"213.584610";"157.731189";"68.178331";"55.910646";"35.510156";"26.224077";"0.813545";"0.477492";"0.295199";"0.217882";"23/11/2009";"0";"75.862969";"2.785666";"0.000432";"0.822707";"0.155328";"95.087800";"0";"4";"9";"6";"5";"4";"8";"4";"3";"4";"5";"2";"4";"0";"5";"2";"5";"0.154600";"0.157940";"0.176860";"0.173070";"76.306500";"Level_1.5"
